osm_id,name,operator,lat,lon
way/166431620,"Union Pacific Jack Koraleski Technology, Research & Development Center",Union Pacific Railroad,41.317986,-96.050348
way/377345296,Centersquare Elk Grove Village Data Center Campus ORD2,Centersquare,41.992088,-87.958014
way/279410762,Cyxtera (Digital Realty Trust) Citibank Data Center,Cyxtera,40.76078,-74.025742
way/819981891,HCA Information Technology & Services Data Center,,36.032635,-86.637717
way/408012357,George C. Wallace Alabama Supercomputer Center,Alabama Supercomputer Authority,34.73654,-86.673102
node/11400893880,Flexential - Denver - Centennial Data Center,Flexential,39.593873,-104.84316
way/978632013,Northwest Data Center and Communications Hub,,37.433413,-122.180708
way/39083797,Flexential Atlanta - Alpharetta Data Center,Flexential,34.086987,-84.251824
way/331132308,Verizon Hillsboro (Tanasbourne) Data Center,Verizon Business,45.544618,-122.882338
way/398917168,Ministry of Government Services Data Centre,The Government of Ontario,43.484099,-80.194152
way/1080170579,Flexential Portland - Hillsboro 4 Expansion,Flexential,45.555391,-122.941087
node/10567817971,Brandaleone Lab for Data and Visualization,Duke Libraries,36.003099,-78.938532
way/465032631,DataBank Dallas Empire Central Data Center,DataBank,32.82175,-96.873553
way/1320038649,DC BLOX Myrtle Beach Cable Landing Station,,33.674607,-78.943885
relation/1701662,"OVHcloud, Centre de données de Beauharnois",,45.308454,-73.893879
node/3468203102,Center for Computation & Technology (CCT),,30.407446,-91.172545
node/8973042667,Data Center Hawk - Hyperscale Data Center,GI Partners - Stream Data Centers,45.412619,-74.050506
way/355926681,Flexential Salt Lake City - South Valley,Flexential,40.620352,-111.986047
way/387208881,165 Halsey / Equinix NY1 / Databank EWR1,Tishman,40.73673,-74.173888
way/439365340,Virginia Information Technologies Agency,,37.360703,-77.331806
way/714943309,PSE&G Delivery Emergency Response Center,PSE&G,40.579896,-74.519402
node/7264976991,Agricultural and Biological Engineering,,40.421854,-86.916545
node/10910879065,Centersquare Chicago Data Center - ORD1,Centersquare,41.853383,-87.618607
way/516686211,Spectrum Charlotte National Data Center,,35.142808,-80.916223
way/1296163129,Modesto Junior College West Data Center,Yosemite Community College District,37.665145,-121.040033
way/1422191450,Applied Digital / Ellendale Data Center,Applied Digital,46.013722,-98.572551
node/6685432442,Switch Tahoe Reno - The Citadel Campus,Switch,39.514096,-119.479592
way/239032142,TierPoint Sioux Falls West Data Center,,43.606971,-96.809195
way/300969614,Digital Realty Northern Virginia IAD14,Digital Realty,39.003336,-77.487094
way/300969616,Digital Realty Northern Virginia IAD12,Digital Realty,39.002023,-77.483347
way/300969619,Digital Realty Northern Virginia IAD24,Digital Realty,39.004319,-77.484415
way/459188725,Cable & Wireless Cable Landing Station,,40.843652,-72.883376
way/460053028,Amazon Web Services Datacenter Complex,Amazon Web Services,39.026331,-77.451632
way/460067220,Amazon Web Services Datacenter Complex,Amazon Web Services,40.093745,-82.751832
way/526806006,QTS Irving - Dallas Data Center Campus,Quality Technology Services,32.897248,-96.982647
way/597970806,Digital Realty Northern Virginia IAD36,Digital Realty,39.001549,-77.479375
way/597970809,Digital Realty Northern Virginia IAD35,Digital Realty,39.000533,-77.480577
way/597970811,Digital Realty Northern Virginia IAD37,Digital Realty,39.000032,-77.478015
way/597970813,Digital Realty Northern Virginia IAD38,Digital Realty,39.001084,-77.477201
way/598263496,U.S. Bank National Data Process Center,,38.935585,-94.864505
way/701923202,Digital Realty Northern Virginia IAD40,Digital Realty,39.006479,-77.467385
way/701923203,Digital Realty Northern Virginia IAD39,Digital Realty,39.007614,-77.46763
way/726150321,Choctaw Nation of Oklahoma Data Center,Choctaw Nation of oklahoma,33.971685,-96.402849
way/1178609569,Flexential Philadelphia - Collegeville,Flexential,40.152237,-75.477618
way/1317733642,Digital Realty Northern Virginia IAD44,Digital Realty,38.960854,-77.491398
way/25706343,Cyxtera Dallas-Fort Worth Data Center,Cyxtera,32.832716,-97.041024
way/253670255,Greenidge Power Plant and Data Center,Greenidge Generation Holdings Inc.,42.679359,-76.948581
way/543117031,Centersquare: Phoenix - (PHX1 - Mesa),Centersquare,33.421254,-111.859019
way/1056658555,Flexential Salt Lake City - Millcreek,Flexential,40.685569,-111.885051
way/1121188409,Flexential Salt Lake City - Fair Park,Flexential,40.766796,-111.920295
way/1281982572,Amazon New Albany: Jug and Beach Road,,40.099077,-82.751505
way/1317915930,Centersquare Ashburn IAD4 Data Center,Centersquare,39.021997,-77.4532
way/231769626,Google Data Center The Dalles Oregon,Google,45.632015,-121.201202
way/729696933,Flexential Salt Lake City - Downtown,Flexential,40.756307,-111.954837
way/793888427,Sabey Intergate.Ashburn (Building A),Sabey Data Centers,39.0145,-77.479987
way/1217649348,Aligned Data Center - Chicago ORD-01,Aligned,41.914003,-87.917516
way/1217649350,Aligned Data Center - Chicago ORD-02,Aligned,41.912963,-87.91759
node/12112238944,Flexential Dallas - Downtown Dallas,Flexential,32.80041,-96.819371
way/38305431,Digital Realty Silicon Valley SJC34,Digital Realty,37.372408,-121.973647
way/40608200,Cologix Santa Clara SV1 Data Center,Cologix,37.365402,-121.961673
way/209073641,Digital Realty Silicon Valley SJC10,Digital Realty,37.375822,-121.953336
way/209073647,Digital Realty Silicon Valley SJC30,Digital Realty,37.378287,-121.958111
way/209073649,Digital Realty Silicon Valley SJC15,Digital Realty,37.374997,-121.954077
way/209073653,Digital Realty Silicon Valley SJC16,Digital Realty,37.374932,-121.955999
way/209073657,Digital Realty Silicon Valley SJC29,Digital Realty,37.375023,-121.958096
way/209076412,Digital Realty Silicon Valley SJC11,Digital Realty,37.376367,-121.948565
way/210222970,Iron Mountain Data & Record Storage,Iron Mountain,41.848705,-87.645458
way/284044002,CoreSite AT2 - Marietta Data Center,CoreSite,33.925514,-84.481634
way/440105283,Maxxam Analytics International Inc.,,43.60568,-79.741216
way/530024353,Centersquare Lisle ORD4 Data Center,Centersquare,41.802341,-88.094886
way/1017518460,T-Mobile Everglades MSO Data Center,,26.184994,-80.286877
way/1097502168,Flexential Atlanta - Douglasville 1,Flexential,33.731057,-84.616081
way/1210515186,Flexential Nashville - Cool Springs,Flexential,35.951045,-86.833406
way/1258702591,Flexential Atlanta - Douglasville 2,Flexential,33.730703,-84.61124
way/1314012931,Digital Realty Silicon Valley SJC37,Digital Realty,37.370919,-121.947217
node/11098469355,CoreSite Chicago Data Center (CH1),CoreSite,41.87594,-87.631466
node/12112382397,Flexential Salt Lake City - Lindon,Flexential,40.332648,-111.727875
way/231047065,NCAR-Wyoming Supercomputing Center,University Corporation for Atmospheric Research,41.128747,-104.897431
way/289620443,Digital Realty San Francisco SFO10,Digital Realty,37.723627,-122.397954
way/578435601,Google Datacenter - Douglas County,Google,33.750447,-84.585682
way/589070714,Information Technology Data Center,Phillips Exeter Academy,42.982089,-70.950595
way/626226408,Google Berkeley County Data Center,Google,33.064008,-80.042374
way/818790301,Credit Suisse: Clifton Data Center,,40.83345,-74.140219
way/841813139,CoreSite Chicago Data Center (CH2),CoreSite,41.862797,-87.641301
way/888253616,NTT Silicon Valley SV1 Data Center,NTT,37.369053,-121.955338
node/12695496267,Equinix Chicago Data Center - CH1,Equinix,41.853558,-87.618048
way/138260136,NCSA Petascale Computing Facility,,40.095259,-88.242031
way/187574082,Verizon Wireline Network Building,,40.494903,-74.443095
way/205724881,Intergate Seattle East Building 2,,47.495031,-122.29057
way/205724885,Intergate Seattle East Building 1,Sabey,47.49486,-122.288194
way/293211683,Intergate Seattle East Building 5,Sabey,47.491986,-122.289665
way/293211686,Intergate Seattle East Building 3,Sabey,47.49348,-122.290465
way/293211687,Intergate Seattle East Building 4,Digital Realty,47.493403,-122.28888
way/328703598,Flexential Portland - Hillsboro 1,Flexential,45.549825,-122.890845
way/328703599,Flexential Portland - Hillsboro 1,Flexential,45.550371,-122.892151
way/337126739,Intergate Seattle West Building C,Sabey,47.494123,-122.294397
way/337126741,Intergate Seattle West Building B,Sabey,47.493074,-122.293684
way/337126742,Intergate Seattle West Building A,Sabey,47.492183,-122.293318
way/358455179,Digital Realty Silicon Valley SC1,Digital Realty,37.361647,-121.943978
way/379205427,Data Foundry Austin 1 Data Center,,30.215504,-97.696074
way/471691760,Flexential Portland - Hillsboro 2,Flexential,45.558302,-122.917165
way/714889192,Google Jackson County Data Center,Google LLC,34.914665,-85.748372
way/793087858,Digital Realty IAD41 (Building P),Digital Realty,39.008806,-77.458236
way/838817907,TierPoint - Charlotte Data Center,TierPoint,35.173195,-80.928121
way/842544718,Norma Beach Cable Landing Station,Unity Cable System,47.864693,-122.284153
way/860433344,Flexential Portland - Hillsboro 4,Flexential,45.555313,-122.940132
way/918873142,Flexential Portland - Hillsboro 3,Flexential,45.55948,-122.938201
way/1080170580,Flexential Portland - Hillsboro 5,Flexential,45.556341,-122.939407
way/1346610234,CyrusOne Cincinnati-Hamilton CIN4,CyrusOne,39.385272,-84.566284
node/7578821329,All About Serving Process Server,,33.319916,-111.809686
node/7683756060,Centre de données d'Hydro-Québec,Hydro-Québec,45.883905,-72.527888
node/11018926315,Iron Mountain Data Centers AZS-1,,33.644666,-111.896098
node/12112295055,Flexential Nashville - Brentwood,Flexential,35.972729,-86.808495
way/59294476,STACK NVA01A - Northern Virginia,Stack Infrastructure,39.004693,-77.44174
way/157362579,Flexential Phoenix - Deer Valley,Flexential,33.684677,-112.09834
way/296374269,Flexential Allentown data center,Flexential,40.635695,-75.457573
way/328702750,Digital Realty PDX10 Data Center,Digital Realty,45.547607,-122.891952
way/330276516,Flexential Louisville - Downtown,Flexential,38.242501,-85.733336
way/460067225,Amazon AWS: Hilliard Data Center,Amazon Web Services us-east-2 datacenter,40.059866,-83.134284
way/465032201,Lumen Dallas - 3180 Irving Blvd.,Lumen Technologies,32.806955,-96.868589
way/734323663,Digital Realty PDX11 Data Center,Digital Realty,45.567954,-122.916772
way/761185667,Verizon Wireless NE Headquarters,,40.555609,-74.70552
way/1054387470,Meta Stanton Springs Data Center,Meta,33.600468,-83.700358
way/1059037050,COPT Innovation Park Data Center,Amazon Web Services,38.743886,-77.530625
way/1153935548,Digital Realty PDX11 Data Center,Digital Realty,45.56851,-122.919898
way/1456953254,East Kentucky Network Datacenter,,37.600186,-82.678769
node/11938614120,"Alembic Computer Services, Inc.",,33.405131,-111.977335
way/52227492,Flexential Minneapolis - Chaska,Flexential,44.851612,-93.598896
way/195165374,Black Rock Financial Management,,39.295481,-94.678011
way/256728809,First National Technical Center,First National of Nebraska,41.261422,-95.936498
way/279410766,Digital Realty New Jersey EWR10,Digital Realty,40.761818,-74.025028
way/455171103,CyrusOne Austin Data Center III,,30.207006,-97.701132
way/460177088,Digital Realty New Jersey EWR20,Digital Realty,40.829928,-74.12675
way/460182351,Digital Realty New Jersey EWR21,Digital Realty,40.830586,-74.124514
way/480762078,Siemens EDA - HDC / Data Center,Siemens Digital Industries Software,45.318717,-122.76588
way/584390127,Vantage Data Centers Montreal I,Vantage Data Centers,45.486669,-73.756131
way/776316726,Tennessee Processing Center LLC,,36.215644,-86.784001
way/942604537,Flexential Nashville - Franklin,Flexential,35.92042,-86.81554
way/1020721870,Searcy Information Technologies,City of Searcy,35.249216,-91.740906
way/1024051963,Meta Eagle Mountain Data Center,Meta,40.268588,-112.015101
way/1024051997,Meta Eagle Mountain Data Center,Meta,40.265564,-112.01513
way/1035123473,Meta Eagle Mountain Data Center,Meta,40.272331,-112.015058
way/1379421123,Flexential Las Vegas - Downtown,Flexential,36.168644,-115.143145
way/31250931,CyrusOne Cincinnati-Mason CIN3,CyrusOne,39.303894,-84.311613
way/300969615,Amazon Web Services Building C,Amazon Web Services,39.002752,-77.485449
way/379204766,CyrusOne Austin Data Center II,,30.205921,-97.697951
way/438078069,Facebook Altoona Data Center 1,Meta,41.664248,-93.514758
way/438078070,Facebook Altoona Data Center 2,Meta,41.665512,-93.508209
way/500820007,Facebook Fort Worth Datacenter,Meta,32.983783,-97.259335
way/548184239,Flexential Dallas - Richardson,Flexential,32.994812,-96.752497
way/556564909,Facebook Altoona Data Center 3,Meta,41.667052,-93.506565
way/673145182,Facebook Fort Worth Datacenter,Meta,32.98492,-97.255045
way/700431553,Google Taylor Lake Data Center,Google,45.638514,-121.202063
way/788027103,Facebook Altoona Data Center 4,Meta,41.667743,-93.516407
way/815057182,Facebook Fort Worth Datacenter,Meta,32.988316,-97.255111
way/830931210,Facebook Altoona Data Center 5,Meta,41.671187,-93.516594
way/850342266,Marquette-Adams Telephone Coop,,43.782176,-89.574841
way/876120402,DBT Data - Harrisonburg Center,,38.462603,-78.856725
way/1391966326,Encompass Minneapolis Facility,Encompass,45.132157,-93.095616
node/3732415309,The Pittock Internet Exchange,Alco Properties,45.521425,-122.680562
node/12221811811,Digital Realty New York JFK13,Digital Realty,40.719928,-74.004458
node/12221880448,Digital Realty New York JFK12,Digital Realty,40.717677,-74.008441
node/13746843366,Digital Fortress - Portland 1,"Digital Fortress, Inc",45.521257,-122.681754
node/13746843367,Digital Fortress - Portland 2,"Digital Fortress, Inc",45.476214,-122.776087
way/52059176,NTT RagingWire DC - Hillsboro,NTT,45.54968,-122.937387
way/63619642,Minnesota Gateway Data Center,,44.971288,-93.254697
way/99861735,Verizon - Bloomington Network,Verizon,44.807108,-93.375382
way/122665255,Digital Realty New York HVN10,Digital Realty,41.240731,-73.147267
way/131891022,Iron Mountain Records Storage,,33.42038,-112.041326
way/193611192,Equinix New York Secaucus NY5,Equinix,40.778585,-74.072324
way/193611211,Equinix New York Secaucus NY4,Equinix,40.776428,-74.069776
way/193611219,Equinix New York Secaucus NY2,Equinix,40.777291,-74.07594
way/193612533,Centersquare NYC3 Data Center,Centersquare,40.786164,-74.069164
way/204460903,Digital Realty New York EWR12,Digital Realty,40.552928,-74.459204
way/204460950,Digital Realty New York EWR11,Digital Realty,40.553793,-74.457102
way/209073659,Prime SANTA CLARA DATA CENTER,Prime,37.375029,-121.954877
way/377545385,Flexential Denver - Englewood,Flexential,39.558994,-104.837556
way/392324240,Flexential Atlanta - Norcross,Flexential,33.95474,-84.198525
way/549418041,Experian McKinney Data Center,,33.171796,-96.725505
way/675108684,Microsoft Boydton Data Center,Microsoft,36.68592,-78.37641
way/706726088,Stonewall Creek Business Park,Google,39.051467,-77.539438
way/708931343,Google Montgomery Data Center,Google LLC,36.628255,-87.260102
way/729192992,QTS Data Center - Hillsboro 1,Quality Technology Services,45.558815,-122.927766
way/836908998,Sungard Systems International,,33.404776,-86.911565
way/909742340,QTS Data Center - Hillsboro 2,Quality Technology Services,45.558799,-122.929774
way/918871786,QTS Data Center - Hillsboro 2,Quality Technology Services,45.558784,-122.931814
way/918871787,QTS Data Center - Hillsboro 2,Quality Technology Services,45.558807,-122.935154
way/918871788,QTS Data Center - Hillsboro 2,Quality Technology Services,45.558796,-122.933002
way/989325195,Verizon Wireless Mew Building,,32.972041,-97.156714
way/1454598380,NTT RagingWire DC - Hillsboro,NTT,45.548079,-122.937787
way/1465196735,QTS Data Center - Hillsboro 3,Quality Technology Services,45.571925,-122.918438
way/1465196736,QTS Data Center - Hillsboro 3,Quality Technology Services,45.570191,-122.919833
node/12112236372,Flexential Denver - Downtown,Flexential,39.74597,-104.994159
node/12112270180,Flexential - Denver - Aurora,Flexential,39.661049,-104.848832
node/12452254071,Open Data Centers Piscataway,,40.55035,-74.456856
node/12550746951,"Forescout Technologies, Inc.",,37.322868,-121.947418
way/56863431,Digital Realty Toronto YYZ10,,43.838316,-79.323474
way/74658241,Digital Realty Toronto YYZ11,Digital Realty,43.778949,-79.540643
way/192307107,360 Spear Street Data Center,Digital Realty,37.788992,-122.390137
way/215630401,Flexential Charlotte - South,Flexential,35.135415,-80.936831
way/283051472,Intergate Quincy Data Center,Sabey Data Centers,47.245367,-119.81609
way/300952513,Digital Realty Phoenix PHX15,Digital Realty,33.274923,-111.886638
way/328702378,Stack Infrastructure - POR02,Stack Infrastructure,45.547376,-122.897387
way/329551673,Flexential Louisville - East,Flexential,38.277191,-85.50724
way/383728972,Hurricane Electric Fremont 1,Hurricane Electric,37.489885,-121.931024
way/384310269,Hurricane Electric Fremont 2,Hurricane Electric,37.471834,-121.920291
way/400540223,Walmart Colorado Data Center,Walmart,38.985733,-104.787263
way/409296605,Digital Realty Chicago ORD12,Digital Realty,41.928356,-87.859255
way/429782814,UF Research Computing Center,University of Florida,29.672591,-82.299929
way/459188722,Apollo Cable Landing Station,Apollo,40.157044,-74.101582
way/465042594,TierPoint Dallas Data Center,TierPoint,32.807982,-96.857389
way/471691757,Stack Infrastructure - POR01,Stack Infrastructure,45.549327,-122.927818
way/578443547,Microsoft - Azure Datacenter,Microsoft,41.922956,-87.918263
way/635022480,Ascent - Atlanta Data Center,Ascent,34.057092,-84.273003
way/746278786,Flexential Las Vegas - North,Flexential,36.248163,-115.101255
way/899634245,Stack Infrastructure - POR03,Stack Infrastructure,45.554132,-122.937907
way/975064000,Digital Realty Atlanta ATL11,Digital Realty,33.746561,-84.579738
way/1015704066,EdgeConneX PHX02 Data Center,EdgeConneX,33.352009,-111.647529
way/1226436457,CyrusOne OCB1 Council Bluffs,CyrusOne,41.212197,-95.878
way/1243089554,Stack Infrastructure - POR03,Stack Infrastructure,45.554152,-122.939406
way/1243089555,Stack Infrastructure - POR03,Stack Infrastructure,45.554194,-122.940926
way/1243089557,Stack Infrastructure - POR03,Stack Infrastructure,45.552898,-122.93798
way/1307920829,Flexential Charlotte - North,Flexential,35.329773,-80.765759
way/1417637306,State of Montana Data Center,State of Montana,46.406885,-105.820697
way/1460861317,Amazon AWS SAT - 12807 Donop,Amazon Web Services,29.29301,-98.391599
node/9190480200,Stream Data Centers Houston,,30.178137,-95.486046
node/10798644674,DataPro USA Web Development,,33.611662,-111.913983
node/13154826378,NTT Ashburn VA7 Data Center,NTT,39.016014,-77.471954
node/13226718075,Lumen Madison 1 Data Center,Lumen Technologies,43.067716,-89.392279
way/52958203,Pearl Plaza Office Building,,39.74523,-104.979332
way/89784186,Insurance Exchange Building,,39.745572,-104.995691
way/95349317,CyrusOne Cincinnati-Lebanon,,39.38897,-84.221853
way/102129663,H5 Data Centers San Antonio,H5 Data Centers,29.429371,-98.486906
way/199252950,CyrusOne Chicago Aurora CME,CyrusOne,41.796608,-88.243823
way/200989527,Xfinity/Comcast Data Center,,39.588324,-104.832418
way/209117217,Evocative Santa Clara SJC11,,37.389536,-121.96194
way/300163083,NTT Ashburn VA1 Data Center,NTT,39.022744,-77.454891
way/379204279,Digital Realty Austin AUS11,,30.212156,-97.695756
way/597876721,Digital Realty Dallas DFW17,Digital Realty,32.96628,-96.713212
way/597876722,Digital Realty Dallas DFW29,Digital Realty,32.967276,-96.710529
way/597876724,Digital Realty Dallas DFW28,Digital Realty,32.967282,-96.713322
way/597876726,Digital Realty Dallas DFW35,Digital Realty,32.96505,-96.710255
way/597876730,Digital Realty Dallas DFW18,Digital Realty,32.965258,-96.712611
way/597876798,Digital Realty Dallas DFW16,Digital Realty,32.966043,-96.715592
way/610977485,NTT Ashburn VA2 Data Center,NTT,39.025013,-77.45764
way/649365751,NTT Ashburn VA3 Data Center,NTT,39.017225,-77.470372
way/793888429,NTT Ashburn VA5 Data Center,NTT,39.018303,-77.472611
way/793888430,NTT Ashburn VA4 Data Center,NTT,39.019868,-77.472592
way/1160814413,Meta Huntsville Data center,Meta,34.847324,-86.626919
way/1160814415,Meta Huntsville Data center,Meta,34.843482,-86.628856
way/1160814416,Meta Huntsville Data center,Meta,34.840441,-86.628825
way/1188691868,NTT Ashburn VA8 Data Centre,NTT,39.020189,-77.475509
way/1238955733,fifteenfortyseven CSR ORNY1,fifteenfortyseven Critical Systems Realty,41.034493,-73.975786
way/1282875386,MineOne Wyoming Data Center,MineOne,41.12499,-104.894849
way/1448241854,Centro de datos Equinix MO1,Equinix,25.766694,-100.193329
way/1448242872,Centro de datos Equinix MO2,Equinix,25.724135,-100.132711
relation/18518989,Meta Huntsville Data Center,Meta,34.844257,-86.628022
node/8897151054,San Jose Colocation Center,CoreSite,37.334118,-121.891646
node/10796113033,Profit Finder Pro Software,,33.627248,-111.902048
node/13409186015,DāStor: 3400 Horizon Drive,,40.087919,-75.33972
way/79298926,CoreSite Reston Campus VA1,CoreSite,38.950606,-77.36455
way/93210344,Lincoln Rackhouse Maryland,Lincoln Rackhouse,39.058608,-76.964467
way/155739337,Aligned Energy Data Center,,33.659055,-112.111159
way/220518160,Digital Realty Data Center,Digital Realty,33.34462,-111.899219
way/278560778,Digital Realty Data Center,Digital Realty,33.657009,-84.41522
way/334264478,Terminal Commerce Building,,39.959812,-75.160833
way/342664739,Geneseo Communications Inc,,41.550269,-90.482409
way/362662493,QTS Piscataway Data Center,Quality Technology Services,40.556943,-74.483917
way/435324552,"CyrusOne NVA1, NVA2 & NVA3",CyrusOne,39.025902,-77.41447
way/452116337,BT Radianz: 492 River Road,bt,40.821454,-74.134187
way/537807168,Expedient Pittsburgh South,Expedient,40.427371,-80.042521
way/550355261,Digital Fortress: Richmond,Digital Fortress,37.360061,-77.327038
way/562775657,Amazon Web Services  CMH50,Amazon Web Services,40.09463,-82.751339
way/578412815,Meta Los Lunas Data Center,Meta,34.829831,-106.77852
way/714120969,DataBank Plano Data Center,,33.087741,-96.815218
way/741629998,Flexential Fort Lauderdale,Flexential,26.190086,-80.193297
way/744496741,Amazon Web Services IAD117,Amazon Web Services,39.023698,-77.419095
way/744496750,Amazon Web Services IAD116,Amazon Web Services,39.024346,-77.420439
way/815078625,Charles Schwab Data Center,,33.004512,-97.246141
way/1020374277,Amazon Web Services  CMH53,Amazon Web Services,40.093616,-82.751455
way/1020374279,Amazon Web Services  CMH59,Amazon Web Services,40.094046,-82.747491
way/1134104431,CoreSite Reston Campus VA2,CoreSite,38.951455,-77.363999
relation/14593270,Apple - Maiden Data Center,,35.588765,-81.26231
node/3406467087,NocRoom Miami IT Services,,25.791545,-80.317748
node/3406476814,NocRoom Miami IT Services,,25.646562,-80.423435
node/7324132050,Windstream Communications,,35.881397,-78.851552
node/8165754026,Data Holdings Data Center,,43.043941,-87.953979
node/8641856300,Chick-fil-A Hiring Center,Dennis Sampier,42.627942,-82.988394
node/9092482804,Amazon Web Services IAD69,Amazon Web Services,39.025485,-77.4147
node/13252574597,Hive Digital Technologies,,45.636864,-74.287993
node/13748859030,Date Center West - Eugene,"Data Center West, Inc.",44.050607,-123.092978
way/152163711,L3Harris Technologies Inc,,33.305337,-111.67169
way/247427998,Merrill Lynch Data Center,Merrill Lynch,40.60738,-74.173167
way/250052753,32 Avenue of the Americas,,40.719994,-74.004568
way/269847438,QTS Atlanta Data Center 1,Quality Technology Services,33.77769,-84.421154
way/300969617,Digital Realty Building A,Digital Realty,39.002741,-77.481957
way/336387583,Baltimore Technology Park,,39.275367,-76.62551
way/387378765,QTS Suwanee Data Center 1,Quality Technology Services,34.035396,-84.061106
way/387379196,QTS Suwanee Data Center 2,Quality Technology Services,34.037062,-84.057696
way/396296733,Centersquare Lynnwood SE1,Centersquare,47.841809,-122.301665
way/468707940,Stream Data Centers PHX-1,,33.419491,-112.359988
way/492699069,TPx Colocation Datacenter,TPx Communications,33.707507,-117.844104
way/497151852,Cologix Jacksonville JAX1,,30.33143,-81.662426
way/589360530,Digital Fortress Lynnwood,,47.822404,-122.289614
way/597876719,Rackspace Richardson DFW3,Rackspace,32.964781,-96.715855
way/650412346,Flexential Dallas - Plano,Flexential,33.007033,-96.666351
way/713410334,Centersquare Atlanta ATL1,,33.744222,-84.581212
way/931369845,Johns Hopkins Data Center,,39.293559,-76.551731
way/967131562,Date Center West - Eugene,"Data Center West, Inc.",42.33246,-122.880426
way/1003348567,QTS Ashburn-Shellhorn DC1,Quality Technology Services,38.998078,-77.475471
way/1007825570,QTS Atlanta Data Center 2,Quality Technology Services,33.777601,-84.419446
way/1020374278,Amazon Web Services CMH56,Amazon Web Services,40.096534,-82.752051
way/1188680247,QTS Ashburn-Shellhorn DC2,Quality Technology Services,38.99871,-77.474326
way/1252196801,Amazon Web Services CMH62,Amazon Web Services,40.092986,-82.747628
way/1294595615,Meta Gallatin Data Center,Meta,36.411893,-86.369653
way/1312795639,Meta Gallatin Data Center,Meta,36.411378,-86.366004
way/1312795640,Meta Gallatin Data Center,Meta,36.406064,-86.366628
way/1351049826,DataBank Santa Clara SFO1,DataBank,37.407303,-121.96598
way/1502710557,Vantage Data Centers TX22,Vantage Data Centers,29.479085,-98.697701
node/8477460442,Digital West Data Center,,35.255316,-120.641513
node/10648552506,Frontier (supercomputer),Oak Ridge National Laboratory,35.929513,-84.310567
way/168129695,DataBank Pittsburgh PIT2,,40.45137,-80.190166
way/204460681,DataBank Piscataway EWR2,,40.549214,-74.45821
way/243242167,Equinix Chicago Data CH7,Equinix,41.812563,-87.97285
way/377585075,EdgeConneX Detroit DET01,EdgeConneX,42.447669,-83.262634
way/414055237,Microsoft CYS Datacenter,Microsoft,41.122588,-104.903517
way/507673418,CITIGROUP TECHNOLOGY INC,,33.006382,-97.24529
way/509611414,Texas Cryptologic Center,National Security Agency,29.447379,-98.640716
way/509611439,CyrusOne San Antonio III,CyrusOne,29.470057,-98.672106
way/714139868,CoreSite Secaucus Campus,CoreSite,40.784284,-74.065243
way/733721782,Oregon State Data Center,State of Oregon,44.926566,-123.001847
way/762116506,Meta Henrico Data Center,Meta,37.483913,-77.23733
way/832656125,Blockfusion Niagra Falls,,43.083492,-79.00294
way/832658041,Blockfusion Niagra Falls,,43.083031,-79.003982
way/1030970564,Meta Henrico Data Center,Meta,37.481953,-77.233711
way/1085608797,Flexential Tampa - North,Flexential,28.07387,-82.368362
way/1132541700,Meta Henrico Data Center,Meta,37.477856,-77.226482
way/1229749890,Blockfusion Niagra Falls,,43.082029,-79.003417
way/1229749891,Blockfusion Niagra Falls,,43.082178,-79.003509
way/1386926534,xAI Macrohard Colossus 2,xAI,34.997983,-90.034867
way/1448291730,Centro de datos KIO MTY1,KIO,25.649224,-100.358559
way/1448293080,Centro de datos KIO HER1,KIO,29.085522,-110.96072
node/5146323411,Open Computing Facility,,37.869852,-122.259823
node/9669405859,AiNET One Market Center,AiNET,39.291758,-76.620374
node/12112266917,Flexential Jacksonville,Flexential,30.245748,-81.581723
node/12112380995,Flexential Tampa - West,Flexential,28.037299,-82.539978
way/37947314,Equinix Santa Clara SV2,Equinix,37.37847,-121.954984
way/95782052,Equinix NY7 Data Center,Equinix,40.796863,-74.03114
way/234722720,H5 Data Centers Ashburn,H5,39.013678,-77.451719
way/359930465,Equinix SE3 Data Center,Equinix,47.614423,-122.339743
way/509611438,CyrusOne San Antonio II,CyrusOne,29.470888,-98.673047
way/610845529,TierPoint Baltimore BWI,,39.213455,-76.682834
way/718465287,Epic / Mayo Data Center,,44.070796,-92.522132
way/998933381,Rackspace Somerset NYC1,,40.544527,-74.537788
way/1034475557,DataBank Las Vegas LAS1,DataBank,36.059754,-115.147172
way/1059037051,COPT Data Center Bldg 2,Amazon Web Services,38.744055,-77.529196
way/1121592786,CyrusOne San Antonio IV,,29.47076,-98.670723
way/1235846520,Verizon North Las Vegas,Verizon,36.221894,-115.147047
way/1314010354,Vantage Santa Clara CA2,Vantage Data Centers,37.364001,-121.94689
way/1387391200,True North Data Centers,True North Data Solutions,39.043613,-77.537262
way/1447029365,Microsoft Data Center 2,Microsoft,38.799972,-77.583348
way/1455361421,IONIC Digital Cedarvale,IONIC Digital,31.513444,-103.448548
way/1460847458,EdgeCore Silicon Valley,,37.383719,-121.965404
relation/19787207,Microsoft Data Center 1,Microsoft,38.80237,-77.582306
node/4922135764,Pathway Communications,,43.857356,-79.356543
node/7171975407,FirstLight Data Center,FirstLight,43.657839,-70.261379
node/9669340912,Crown Castle Baltimore,Crown Castle Fiber,39.287702,-76.606489
node/9922928085,Netrality Data Centers,,39.100907,-94.581145
node/11167641842,Expedient Owings Mills,Expedient,39.427318,-76.81155
node/11666916913,EdgeConneX Data Center,EdgeConneX,33.395586,-111.970076
node/13603878193,Parsec Data Management,,45.743079,-108.603014
way/42323063,Netrality Data Centers,,38.629262,-90.197175
way/138643160,LexisNexus Springfield,,39.912797,-83.723664
way/208650151,RBC Guelph Data Centre,Royal Bank of Canada,43.496874,-80.208703
way/318069356,John F. Simms Building,SONM,35.672458,-105.956592
way/383888914,Data Foundry - Texas 1,,30.198907,-97.713784
way/453969917,Time Warner Datacenter,,39.598961,-104.860378
way/453969923,Time Warner Datacenter,,39.599933,-104.86017
way/483307714,Tierpoint Dallas-Allen,,33.13791,-96.657329
way/509611432,CyrusOne San Antonio I,CyrusOne,29.46661,-98.688087
way/577628941,Data Foundry - Texas 2,,30.199574,-97.71307
way/598261190,State Farm Data Center,,38.940134,-94.867682
way/836947535,Myndshift Technologies,,33.475421,-111.719165
way/840582927,Middletown Data Center,,39.017678,-78.290942
way/844394339,Meta Sarpy Data center,Meta,41.123529,-96.1442
way/844394340,Meta Sarpy Data center,Meta,41.120551,-96.144532
way/923914065,Centro de datos Triara,Triara,25.784208,-100.179576
way/933393863,Edgeconnex Data Center,EdgeConneX,38.592299,-121.27744
way/998933389,Rackspace Belmont NYC2,,40.540843,-74.537492
way/1010260675,Microsoft TRP3 (SAT46),Microsoft,29.412977,-98.806374
way/1109881281,TierPoint Valley Forge,TierPoint,40.121881,-75.420878
way/1202051225,Lightedge Des Moines 2,,41.666814,-93.455943
way/1203535554,Amazon AWS Data Center,,41.69023,-86.468689
way/1210421871,Carrier Services Group,,41.041059,-80.633078
way/1227883682,Lightedge Des Moines 1,,41.667663,-93.455484
way/1253282100,Meta Sarpy Data center,Meta,41.123574,-96.132888
way/1253282101,Meta Sarpy Data center,Meta,41.11435,-96.142805
way/1253282102,Meta Sarpy Data center,Meta,41.112249,-96.141625
way/1303947602,Amazon AWS Data Center,,41.667764,-86.473056
way/1307072785,Ark Duluth Data Center,,46.827468,-92.130482
way/1344366214,CyrusOne SAT10 & SAT11,CyrusOne,29.418221,-98.787837
way/1459680304,Newrays Two LLC Mining,,36.327032,-88.320073
relation/19390019,Dakota Carrier Network,,46.815102,-96.844314
node/11113161710,Accelera Data Systems,,33.664746,-112.111714
node/12112201416,Flexential Cincinnati,Flexential,39.315931,-84.449464
node/13747461175,Colosseum Online Inc.,,43.779373,-79.489782
way/225745958,OVH US East Vint Hill,,38.74742,-77.674465
way/257581364,Flexential - Richmond,Flexential,37.64689,-77.438695
way/300970759,Databank Ashburn IAD1,Databank,39.015488,-77.482156
way/364289074,Microsoft San Antonio,Microsoft,29.479881,-98.692534
way/388148510,TierPoint Little Rock,,34.75624,-92.444723
way/509611437,Stream San Antonio II,,29.472003,-98.67172
way/626281456,AngelTrax Data Center,AngelTrax Mobile Video Surveillance Solutions,31.231899,-85.455834
way/653416730,US Signal - OR01 Bend,US Signal,44.086105,-121.283041
way/897226569,Microsoft Data Center,Microsoft,38.949518,-77.559445
way/903642490,Family History Center,The Church of Jesus Christ of Latter-day Saints,42.317274,-111.304246
way/1019812125,EdgeConneX - Portland,EdgeConneX,45.556621,-122.912213
way/1020953454,Digital Loudoun Plaza,,39.004843,-77.485127
way/1020953461,Digital Loudoun Plaza,,39.001629,-77.482362
way/1188680253,QTS Ashburn Lockridge,Quality Technology Services,38.995307,-77.455264
way/1188680254,QTS Ashburn Lockridge,Quality Technology Services,38.995181,-77.456819
way/1188691869,DataBank Ashburn IAD3,Databank,39.017904,-77.481819
way/1238955720,Bloomberg Data Center,Bloomberg,41.036194,-73.987626
way/1281982556,"Google Lockbourne, OH",Google,39.848452,-82.996393
node/7985753364,8100 Boone Boulevard,Digital Realty,38.913724,-77.225882
node/8238715059,STACK Infrastructure,"Stack Infrastructure, Incorporated",37.402745,-121.891051
node/10910879064,Digital Realty ORD10,Digital Realty,41.853351,-87.618307
node/10938672218,K-Motion Interactive,,33.634484,-111.884346
node/11938631189,J-Curve Technologies,,33.413186,-111.971154
node/13154826379,NTT VA11 Data Center,NTT,38.799973,-77.609964
way/31803515,EdgeConneX San Diego,EdgeConneX,32.842355,-117.169423
way/39083541,Strategic Datasphere,,34.094813,-84.235724
way/149379943,Digital Realty ORD11,Digital Realty,41.874304,-87.62994
way/195664350,Cherokee Data Center,,36.26255,-95.910041
way/209087373,Silicon Valley SJC31,Digital Realty,37.372221,-121.948262
way/210917861,Data Storage Centers,,33.421693,-112.034303
way/239147724,DataBank McLean IAD2,DataBank,38.919905,-77.213585
way/298127420,Equinix Ashburn DC11,Equinix,39.014891,-77.458799
way/322816286,Cyxtera Toronto YYZ1,Cyxtera,43.594507,-79.753128
way/368724479,Element Critical VA1,,38.908367,-77.219744
way/377212693,Element Critical CH2,Element Critical,41.974227,-87.967176
way/384690290,Element Critical CH1,Element Critical,41.975732,-87.964691
way/460050155,Equinix Ashburn DC10,Equinix,39.021005,-77.451489
way/460076753,Equinix San Jose SV3,Equinix,37.388274,-121.888446
way/460167186,Intergate Columbia B,Sabey Data Centers,47.407164,-120.187524
way/460167187,Intergate Columbia A,Sabey Data Centers,47.40862,-120.189398
way/465032487,Digital Realty DFW36,Digital Realty,32.82755,-96.87375
way/471658485,Live Oak Data Center,,32.783749,-96.794636
way/547156394,TJX Corporate Techno,,40.103889,-82.810615
way/553223628,Stack Infrastructure,Stack Infrastructure,37.40256,-121.893391
way/553223629,Stack Infrastructure,Stack Infrastructure,37.402209,-121.892387
way/596690175,Equinix Ashburn DC12,Equinix,39.023015,-77.449787
way/615593145,Mapletree Industrial,,34.096708,-84.237479
way/701923204,Digital Realty ACC10,Digital Realty,39.012656,-77.465604
way/714139865,Equinix Secaucus NY6,Equinix,40.777549,-74.072688
way/796933516,Equinix Ashburn DC21,Equinix,39.011806,-77.45451
way/909455922,42310 THUNDERBALL DR,True North Data Solutions,39.044103,-77.539711
way/930043986,SU Green Data Center,Syracuse University,43.012076,-76.115925
way/974334074,Cyxtera Toronto YYZ2,Cyxtera,43.838268,-79.316742
way/990537858,CyrusOne Sterling IX,CyrusOne,38.958326,-77.505728
way/1011125238,Pewaukee Data Center,WE Energies,43.051373,-88.216698
way/1025002889,Digital Realty IAD42,Digital Realty,39.005689,-77.449464
way/1071774674,Intergate Columbia D,Sabey Data Centers,47.407585,-120.191579
way/1123249721,Equinix Ashburn DC16,Equinix,39.024257,-77.452327
way/1213758201,Gallatin Data Center,Meta,36.408496,-86.37162
way/1221574918,Cortex supercomputer,,30.215605,-97.618939
way/1238705019,Involta Independence,,41.361071,-81.632781
way/1276518687,Digital Realty IAD55,Digital Realty,38.992193,-77.433922
way/1292897241,42311 THUNDERBALL DR,True North Data Solutions,39.04252,-77.53829
way/1292897242,42255 THUNDERBALL DR,True North Data Solutions,39.041653,-77.539212
way/1292897243,42254 THUNDERBALL DR,True North Data Solutions,39.043496,-77.54084
way/1486780799,Aligned Data Centers,Aligned Data Centers,33.006007,-96.657092
relation/4645970,OVHcloud - Hillsboro,OVHcloud,45.534059,-122.955898
relation/16282459,CyberNAP Glen Burnie,AiNET,39.14023,-76.60643
relation/19187352,Vantage Data Centers,Vantage Data Centers,46.795144,-71.305209
node/1825907839,Southwest Cyberport,,35.103293,-106.589349
node/7557868585,The Chatfield Group,,33.380601,-111.752889
node/7821940847,Alliance Technology,,33.379986,-111.728405
node/8712918739,Compass Datacenters,,45.423592,-73.913817
node/9721703993,TierPoint Milwaukee,,43.009378,-87.961062
node/11168593094,Expedient Tidepoint,Expedient,39.274655,-76.591671
way/30666790,USPO Terminal Annex,United States Postal Service,34.058104,-118.235394
way/37947315,Layer42 Santa Clara,Layer42,37.378037,-121.954128
way/52094269,Centersquare IAD1-B,Centersquare,39.023868,-77.415209
way/52094270,Centersquare IAD1-A,Centersquare,39.023298,-77.413212
way/52094294,Centersquare IAD1-C,Centersquare,39.024754,-77.412204
way/58361249,Urbacon Data Centre,,43.740701,-79.620904
way/67138303,Equinix Markham TR5,Equinix,43.846849,-79.333177
way/79818498,CoreSite Reston VA3,CoreSite,38.948334,-77.37243
way/204460835,Barclays Datacenter,Barclays,40.547244,-74.459737
way/214321737,Markley Data Center,Markley Group,42.630283,-71.304562
way/224139416,Dell 350 Holger Way,,37.418381,-121.943117
way/234722029,Equinix Ashburn DC2,Equinix,39.016389,-77.459069
way/273896089,Centersquare IAD2-A,Centersquare,38.98442,-77.42381
way/298126010,Digital Realty ACC4,Digital Realty,39.017859,-77.462471
way/298127059,Equinix Ashburn DC1,Equinix,39.015558,-77.460328
way/298127361,Equinix Ashburn DC5,Equinix,39.015965,-77.461223
way/298242260,Equinix Ashburn DC3,Equinix,39.022015,-77.460235
way/298242335,Digital Realty ACC3,Digital Realty,39.01988,-77.459803
way/300162674,Digital Realty ACC5,Digital Realty,39.020158,-77.463103
way/300162675,Digital Realty ACC6,Digital Realty,39.021026,-77.463551
way/300163074,Centersquare IAD4-B,Centersquare,39.022168,-77.453595
way/319857331,Lumen San Antonio 2,Lumen Technologies,29.438279,-98.506522
way/377032061,Equinix Chicago CH3,Equinix,42.001221,-87.9552
way/379204643,LightEdge Austin II,,30.200677,-97.707046
way/435518280,NAP of the Americas,,25.782389,-80.19308
way/460053030,Amazon Web Services,Amazon Web Services,39.028807,-77.458838
way/460070135,Amazon Web Services,Amazon Web Services,45.915836,-119.266323
way/460070136,Amazon Web Services,Amazon Web Services,45.915836,-119.266527
way/460070140,Amazon Web Services,Amazon Web Services,45.915832,-119.267512
way/460070144,Amazon Web Services,Amazon Web Services,45.841003,-119.652769
way/460070145,Amazon Web Services,Amazon Web Services,45.852239,-119.629901
way/460070147,Amazon Web Services,Amazon Web Services,45.850881,-119.630524
way/460182335,BNY Mellon Somerset,,40.535869,-74.553432
way/525060850,DC Blox Chattanooga,,35.03155,-85.297252
way/547156405,Compugen New Albany,,40.104599,-82.804912
way/547277699,Compugen New Albany,,40.103713,-82.808903
way/592171280,Amazon Web Services,Amazon Web Services,45.840444,-119.654979
way/592257327,Amazon Web Services,Amazon Web Services,45.917448,-119.267734
way/617194689,Switch Las Vegas 11,Switch,36.055885,-115.214137
way/633034071,Amazon Web Services,Amazon Web Services,45.841373,-119.657932
way/633034074,Amazon Web Services,Amazon Web Services,45.839826,-119.653894
way/649319778,Digital Realty ACC7,Digital Realty,39.017472,-77.465675
way/649365764,Digital Realty ACC9,Digital Realty,39.015433,-77.467373
way/664938835,Expedient Milwaukee,,42.863142,-87.977876
way/667573133,Amazon Web Services,Amazon Web Services,38.779381,-77.541725
way/673532692,Amazon Web Services,Amazon Web Services,40.061152,-83.135173
way/685011021,Iron Mountain AZP-2,Iron Mountain,33.452157,-111.977294
way/697413741,Amazon Web Services,Amazon Web Services,45.913882,-119.267651
way/697415321,Amazon Web Services,Amazon Web Services,45.841174,-119.655449
way/697415323,Amazon Web Services,Amazon Web Services,45.853786,-119.630036
way/697417726,Amazon Web Services,Amazon Web Services,45.846655,-119.603709
way/706776322,Amazon Web Services,Amazon Web Services,45.797809,-119.366616
way/715098032,T5 Charlotte Campus,,35.250425,-81.395039
way/821081357,Amazon Web Services,Amazon Web Services,40.102573,-83.199698
way/821081358,Amazon Web Services,Amazon Web Services,40.103587,-83.199764
way/848201800,Vantage Montreal II,Vantage Data Centers,45.474637,-73.800069
way/850965775,Compass Data Center,,32.538767,-96.804459
way/863162822,STACK Chicago CHI01,Stack Infrastructure,42.006856,-87.965177
way/874506250,Amazon Web Services,Amazon Web Services,40.060147,-83.134907
way/914613836,Amazon Web Services,Amazon Web Services,45.837924,-119.688354
way/914616809,Amazon Web Services,Amazon Web Services,45.83754,-119.693129
way/914616810,Amazon Web Services,Amazon Web Services,45.846655,-119.605645
way/942557184,Travelers Insurance,Travelers Insurance,41.127872,-96.145071
way/975484796,Amazon Web Services,Amazon Web Services,40.059325,-83.134606
way/975484797,Amazon Web Services,Amazon Web Services,40.058309,-83.134091
way/975484798,Amazon Web Services,Amazon Web Services,40.06078,-83.132753
way/984796364,Switch Las Vegas 10,,36.055586,-115.223061
way/990537821,Amazon Web Services,Amazon Web Services,38.946539,-77.522188
way/996723587,Amazon Web Services,Amazon Web Services,38.780152,-77.539884
way/996723588,Amazon Web Services,Amazon Web Services,38.778451,-77.539427
way/996723589,Amazon Web Services,Amazon Web Services,38.779342,-77.542896
way/1000784035,Amazon Web Services,Amazon Web Services,38.743052,-77.533375
way/1020877488,Amazon Web Services,Amazon Web Services,38.99585,-77.471294
way/1020877489,Amazon Web Services,Amazon Web Services,38.996604,-77.47326
way/1027471509,Amazon Web Services,Amazon Web Services,45.846668,-119.607039
way/1027471510,Amazon Web Services,Amazon Web Services,45.846754,-119.609062
way/1057230915,Amazon Web Services,Amazon Web Services,45.83655,-119.689874
way/1059030596,Amazon Web Services,Amazon Web Services,38.744287,-77.533332
way/1083841125,T5@Colorado Springs,,38.78616,-104.788583
way/1088203906,Amazon Web Services,Amazon Web Services,39.016745,-77.452006
way/1088203907,Amazon Web Services,Amazon Web Services,39.015885,-77.45314
way/1106454555,Amazon Web Services,Amazon Web Services,38.979563,-77.417491
way/1114969101,Aligned DC - PDX-01,Aligned Data Centers,45.554059,-122.949251
way/1126159710,Amazon Web Services,Amazon Web Services,45.901451,-119.320522
way/1126159711,Amazon Web Services,Amazon Web Services,45.902766,-119.320492
way/1126159714,Amazon Web Services,Amazon Web Services,45.903854,-119.320477
way/1126159715,Amazon Web Services,Amazon Web Services,45.9051,-119.320145
way/1126386234,Amazon Web Services,Amazon Web Services,45.847608,-119.602775
way/1127951468,Amazon Web Services,Amazon Web Services,45.915723,-119.26997
way/1154503131,Amazon Web Services,Amazon Web Services,40.101767,-83.199583
way/1154503132,Amazon Web Services,Amazon Web Services,40.100768,-83.199475
way/1154503133,Amazon Web Services,Amazon Web Services,40.099786,-83.199264
way/1161094246,Amazon Web Services,Amazon Web Services,38.979147,-77.419905
way/1222134968,Amazon Web Services,Amazon Web Services,38.949149,-77.523594
way/1226439731,Amazon Web Services,Amazon Web Services,45.836192,-119.694055
way/1252196797,Amazon Web Services,Amazon Web Services,38.904344,-77.452469
way/1252196798,Amazon Web Services,Amazon Web Services,38.904837,-77.45475
way/1252196799,Amazon Web Services,Amazon Web Services,38.915903,-77.490551
way/1252196800,Amazon Web Services,Amazon Web Services,38.914991,-77.490974
way/1252196802,Amazon Web Services,Amazon Web Services,40.093434,-82.732167
way/1252196803,Amazon Web Services,Amazon Web Services,40.092168,-82.727548
way/1252196804,Amazon Web Services,Amazon Web Services,40.092961,-82.726511
way/1252196805,Amazon Web Services,Amazon Web Services,40.116261,-83.201389
way/1252196807,Amazon Web Services,Amazon Web Services,40.119031,-83.200244
way/1252196808,Amazon Web Services,Amazon Web Services,40.049354,-83.175465
way/1252196810,Amazon Web Services,Amazon Web Services,40.047898,-83.177549
way/1252196816,Amazon Web Services,Amazon Web Services,45.858747,-119.605083
way/1252196817,Amazon Web Services,Amazon Web Services,45.860076,-119.605123
way/1252196818,Amazon Web Services,Amazon Web Services,45.860968,-119.60514
way/1252196819,Amazon Web Services,Amazon Web Services,45.84147,-119.651786
way/1252196820,Amazon Web Services,Amazon Web Services,45.920638,-119.23182
way/1252196821,Amazon Web Services,Amazon Web Services,45.920641,-119.229982
way/1252196822,Amazon Web Services,Amazon Web Services,45.797775,-119.361968
way/1252196823,Amazon Web Services,Amazon Web Services,45.799157,-119.366661
way/1252196825,Amazon Web Services,Amazon Web Services,38.746153,-77.517223
way/1252196826,Amazon Web Services,Amazon Web Services,38.921305,-77.485801
way/1253282099,Amazon Web Services,Amazon Web Services,38.995088,-77.471078
way/1280340212,Amazon Web Services,Amazon Web Services,38.947374,-77.520238
way/1280340213,Amazon Web Services,Amazon Web Services,38.983585,-77.417515
way/1280340214,Amazon Web Services,Amazon Web Services,38.802884,-77.622122
way/1280340215,Amazon Web Services,Amazon Web Services,38.745134,-77.533101
way/1280340216,Amazon Web Services,Amazon Web Services,38.814593,-77.654319
way/1280340217,Amazon Web Services,Amazon Web Services,38.816971,-77.652153
way/1280344148,Amazon Web Services,Amazon Web Services,40.134181,-83.215841
way/1280344149,Amazon Web Services,Amazon Web Services,45.920594,-119.228788
way/1280344150,Amazon Web Services,Amazon Web Services,45.920571,-119.227005
way/1280344151,Amazon Web Services,Amazon Web Services,45.919531,-119.226098
way/1280344153,Amazon Web Services,Amazon Web Services,45.882512,-119.341642
way/1280344154,Amazon Web Services,Amazon Web Services,45.862248,-119.605128
way/1280344155,Amazon Web Services,Amazon Web Services,45.858044,-119.604851
way/1280344156,Amazon Web Services,Amazon Web Services,45.840685,-119.65131
way/1280344157,Amazon Web Services,Amazon Web Services,45.81993,-119.632086
way/1287260554,Amazon Web Services,Amazon Web Services,38.801862,-77.621212
way/1287260555,Amazon Web Services,Amazon Web Services,38.80125,-77.620476
way/1300765126,Stream Data Centers,,32.983624,-96.654263
way/1309123033,Equinix Ashburn DC6,Equinix,39.015197,-77.459534
way/1309123034,Equinix Ashburn DC4,Equinix,39.01644,-77.461954
way/1314355599,Switch Las Vegas 12,,36.057992,-115.210328
way/1334234454,Nautilus Cryptomine,,41.082625,-76.151419
way/1343764880,Amazon Web Services,Amazon Web Services,38.922767,-77.427872
way/1343764881,Amazon Web Services,Amazon Web Services,38.921124,-77.426543
way/1343764882,Amazon Web Services,Amazon Web Services,38.922711,-77.426304
way/1357825755,Iron Mountain AZP-1,Iron Mountain,33.454726,-111.976218
way/1374895921,Amazon Web Services,Amazon Web Services,45.879527,-119.341626
way/1374895922,Amazon Web Services,Amazon Web Services,45.88253,-119.339693
way/1386016627,Amazon Web Services,Amazon Web Services,40.102426,-82.750141
way/1386016628,Amazon Web Services,Amazon Web Services,40.101955,-82.751912
way/1386016629,Amazon Web Services,Amazon Web Services,40.094226,-82.732111
way/1386016630,Amazon Web Services,Amazon Web Services,40.094397,-82.729279
way/1386016631,Amazon Web Services,Amazon Web Services,40.095495,-82.732005
way/1386016636,Amazon Web Services,Amazon Web Services,40.135789,-83.212641
way/1386016637,Amazon Web Services,Amazon Web Services,40.120064,-83.199319
way/1386016638,Amazon Web Services,Amazon Web Services,40.119299,-83.203226
way/1386016639,Amazon Web Services,Amazon Web Services,40.118118,-83.202522
way/1386016640,Amazon Web Services,Amazon Web Services,40.05018,-83.175516
way/1386016641,Amazon Web Services,Amazon Web Services,40.051522,-83.175715
way/1386016642,Amazon Web Services,Amazon Web Services,40.016419,-83.125852
way/1386016643,Amazon Web Services,Amazon Web Services,40.021013,-83.12602
way/1386017490,Amazon Web Services,Amazon Web Services,45.851731,-119.619661
way/1386017491,Amazon Web Services,Amazon Web Services,45.853095,-119.61968
way/1386017492,Amazon Web Services,Amazon Web Services,45.818711,-119.632008
way/1386017493,Amazon Web Services,Amazon Web Services,45.818702,-119.636263
way/1386017494,Amazon Web Services,Amazon Web Services,45.819949,-119.636272
way/1386017495,Amazon Web Services,Amazon Web Services,45.809634,-119.268611
way/1386017496,Amazon Web Services,Amazon Web Services,45.808277,-119.268616
way/1386017497,Amazon Web Services,Amazon Web Services,45.799015,-119.361727
way/1386017498,Amazon Web Services,Amazon Web Services,45.799683,-119.358424
way/1386017499,Amazon Web Services,Amazon Web Services,45.797752,-119.358925
way/1421212901,Switch Las Vegas 14,Switch,36.065208,-115.222045
way/1426525212,Compass Data Center,,32.545504,-96.802207
way/1426525213,Compass Data Center,,32.544192,-96.802189
way/1426525214,Compass Data Center,,32.542899,-96.802194
way/1426525215,Compass Data Center,,32.541589,-96.802207
way/1426525216,Compass Data Center,,32.540276,-96.80222
way/1426525217,Compass Data Center,,32.542676,-96.793719
way/1426525218,Compass Data Center,,32.543994,-96.793719
way/1426525219,Compass Data Center,,32.545299,-96.793756
way/1426525220,Compass Data Center,,32.543961,-96.788398
way/1426525221,Compass Data Center,,32.545292,-96.788382
way/1426663252,Amazon Web Services,Amazon Web Services,38.923119,-77.424977
way/1443620406,Alinged Data Center,"Aligned Data Centers, LLC",32.549823,-97.074855
way/1481581948,Edged Chicago ORD01,Edged,41.806931,-88.241097
way/1501436323,Amazon Web Services,Amazon Web Services,45.853876,-119.619726
way/1501436324,Amazon Web Services,Amazon Web Services,45.855234,-119.619727
way/1501455347,Amazon Web Services,Amazon Web Services,45.811745,-119.268665
way/1501456882,Amazon Web Services,Amazon Web Services,45.811229,-119.27825
way/1501805557,Crane DC - Portland,Crane Data Centers Inc.,45.514787,-123.078828
relation/15884451,Barclays Datacenter,Barclays,40.643789,-74.285448
node/2607827436,SDSU Computer Room,,32.775025,-117.070888
node/6401035673,Rack59 Data Center,,35.467205,-97.649745
node/12112361725,Flexential Raleigh,Flexential,35.850528,-78.829143
way/39083830,Secure Data Center,,34.093706,-84.250878
way/55462937,Edgeconnex Toronto,EdgeConneX,43.809286,-79.342588
way/67138292,Rogers Data Center,,43.844291,-79.364859
way/128499684,Digital Realty CH1,Digital Realty,41.994241,-87.961935
way/172739953,Switch Las Vegas 7,Switch,36.059919,-115.210197
way/247428943,Telehouse Teleport,Telehouse,40.607037,-74.174905
way/290307022,Cogent Data Center,"Cogent Communications, Inc.",33.400219,-112.047879
way/379199519,Alpheus DataCenter,Alpheus,30.261053,-97.722122
way/382785871,LightEdge Austin I,,30.214297,-97.712667
way/451497833,Evocative Secaucus,Evocative,40.787552,-74.06805
way/464371693,Kaiser Data Center,,38.254065,-122.273092
way/502927599,Data Center Lenexa,,38.925164,-94.770316
way/509611423,Lowe's Data Center,Lowe's,29.472854,-98.689575
way/518921099,Google Data Center,Google,33.354139,-111.676427
way/581234765,Cloud Storage Corp,,38.872132,-99.300187
way/585998677,Switch Las Vegas 8,Switch,36.057834,-115.214258
way/585998678,Switch Las Vegas 9,Switch,36.055707,-115.219628
way/617511179,Genome Data Center,Washington University in St. Louis,38.636552,-90.255436
way/618339179,365 Bridgewater NJ,,40.581484,-74.573887
way/710070925,Google Data Center,Google,39.052633,-77.539573
way/713428715,Digital Realty CH3,Digital Realty,41.994353,-87.964942
way/713433204,Digital Realty CH2,Digital Realty,41.994533,-87.957751
way/714622339,Google Data Center,Google,38.943321,-77.526164
way/714776107,Skybox Houston One,Skybox,29.802893,-95.755339
way/975064004,Switch Data Center,Switch,33.755025,-84.587269
way/996723585,Iron Mountain VA-2,Iron Mountain,38.777237,-77.545997
way/996723586,Iron Mountain VA-1,Iron Mountain,38.777963,-77.547101
way/1017460713,Switch Las Vegas 4,Switch,36.143646,-115.076779
way/1017460715,Switch Las Vegas 5,Switch,36.142764,-115.076696
way/1081973944,QTS San Antonio II,Quality Technology Services,29.449157,-98.653126
way/1283698132,Iron Mountain VA-3,Iron Mountain,38.775547,-77.54515
way/1287260556,Iron Mountain VA-4,Iron Mountain,38.774415,-77.54223
way/1287260557,Iron Mountain VA-5,Iron Mountain,38.773028,-77.541185
way/1304357577,Iron Mountain VA-6,Iron Mountain,38.768143,-77.538648
way/1356594646,NTT PH1 Datacenter,NTT,33.353666,-111.612411
way/1387391201,TikTok Data Center,True North Data Solutions,39.044254,-77.537958
way/1427613544,Vantage Building 1,Vantage,40.102498,-82.746952
way/1427613545,Vantage Building 2,Vantage,40.10053,-82.747119
way/1427613546,Vantage Building 3,Vantage,40.098762,-82.747245
relation/9474864,Google Data Center,Google,35.895147,-81.546278
node/12437277166,Prime Santa Clara,Prime,37.366662,-121.962865
way/37877544,Lumen Sunnyvale 1,Lumen Technologies,37.373469,-121.9878
way/54121151,QTS Santa Clara 1,Quality Technology Services,37.393986,-121.978321
way/58708529,QTS Santa Clara 2,Quality Technology Services,37.392731,-121.978428
way/124088810,Lincoln Rackhouse,,41.772103,-88.217082
way/169170979,Molina Healthcare,,34.995452,-106.618033
way/209073635,Lumen Santa Clara,Lumen Technologies,37.377033,-121.952059
way/209073636,Prime Santa Clara,Prime,37.375017,-121.95325
way/231664575,The Seattle Times,H5 Data Centers,47.618954,-122.336531
way/233888384,Segra Data Center,,35.724992,-78.662363
way/273895868,Centersquare IAD3,Centersquare,38.980929,-77.444379
way/283051477,Yahoo Data Center,Yahoo,47.246761,-119.826616
way/300970761,Golds Gym Ashburn,,39.015603,-77.483284
way/300974499,Apple Data Center,Apple Inc.,33.347033,-111.604142
way/325096144,Adobe Data Center,,45.550197,-122.931673
way/424945845,Serverfarm - LAX1,Serverfarm LLC.,33.921742,-118.386459
way/426586135,Google - Thornton,Google,39.922465,-104.983425
way/460175664,QTS Ashburn-Moran,Quality Technology Services,38.994222,-77.448201
way/460182320,CyrusOne Somerset,CyrusOne,40.537962,-74.545722
way/523886201,Cyxtera Tampa TP1,Cyxtera,27.945535,-82.351102
way/530982335,GoDaddy - Gilbert,,33.361931,-111.83929
way/777196805,Allentown-TekPark,,40.544255,-75.654369
way/863162820,Stream Chicago II,Stream,41.999124,-87.957765
way/878795698,amnet Data Center,,41.091785,-73.516673
way/978934687,Digital Crossroad,Digital Crossroad,41.707417,-87.520233
way/1449347339,PowerHouse CTP-02,PowerHouse,37.360586,-77.325687
node/9736262934,Frontier Science,,42.990201,-78.812384
node/12793428582,TulsaConnect DC3,,36.099474,-95.838283
node/13748555787,H5 DC - Portland,H5 Data Centers,45.53169,-122.683765
way/28544618,Equinix Infomart,Equinix,32.800953,-96.819523
way/174242795,EdgeConneX CHI01,EdgeConneX,42.000775,-87.950769
way/224100721,COPT Data Center,,38.74731,-77.531826
way/254773897,Evoque Allen DA1,Centersquare,33.095083,-96.683788
way/289884123,33 Thomas Street,,40.716521,-74.005902
way/290703004,CoreSpace Dallas,CoreSpace,32.817551,-96.873071
way/366049843,Lumen Norristown,Lumen Technologies,40.127067,-75.408659
way/376627431,CSSNW Bellingham,CSS Communications,48.75726,-122.480548
way/377032058,EdgeConneX CHI02,EdgeConneX,42.001495,-87.952562
way/380282154,VISA Data Center,,39.048766,-77.445397
way/383545769,Skybox Chicago I,Skybox,41.993661,-87.973521
way/384396017,Element Critical,,30.342803,-97.696174
way/472761713,NYSE Data Center,nyse,41.078316,-74.152912
way/545895086,ADP South Dakota,,43.599914,-96.794757
way/571010571,CyrusOne Norwalk,CyrusOne,41.113092,-73.388649
way/671838900,Rice Data Center,,29.658145,-95.443312
way/723117951,STACK New Albany,,40.106301,-82.800762
way/830138727,BB&T Data Center,,35.839336,-78.328135
way/863162825,Stream Chicago I,Stream,42.00263,-87.951112
way/871694597,Turnkey Internet,,42.745445,-73.759201
way/897226573,Arcola Tech Park,,38.949268,-77.555626
way/1090837713,QTS Manassas DC5,Quality Technology Services,38.754768,-77.517388
way/1134911642,QTS Manassas DC1,Quality Technology Services,38.752543,-77.513108
way/1154349280,Datacenter (386),UChicago Argonne LLC,41.707134,-87.975956
way/1173770902,Google: Arcola 2,Google,38.941812,-77.527451
way/1184066765,Meta Data Center,Meta,39.322628,-94.598075
way/1188715508,PowerHouse ABX-1,PowerHouse,39.019599,-77.450457
way/1287260558,QTS Manassas DC2,Quality Technology Services,38.753166,-77.510882
way/1301559332,MARA Data Center,Marathon Digital Holdings,32.341341,-97.731692
way/1386017500,CYS41 Datacenter,Microsoft,41.124403,-104.897015
way/1386017501,CYS42 Datacenter,Microsoft,41.125382,-104.908889
way/1464257784,QTS Manassas DC1,Quality Technology Services,38.752545,-77.51246
way/1489113575,Verizon Wireless,,36.282175,-86.797137
way/1490401523,Argo Data Center,,33.777264,-100.868901
way/1493169641,Switch: The Rock,Switch,30.488019,-97.672526
node/6793837329,Morgan Wireless,,39.630985,-78.22532
node/8767284091,Ergonomic Group,,41.707078,-72.589864
node/12387534800,UNM Data Center,UNM,35.086739,-106.615348
node/13465438761,Rad Web Hosting,,32.778447,-96.798496
node/13639231258,Applied Digital,,46.974172,-96.87394
way/34770750,Hewlett-Packard,,34.082058,-84.267292
way/223928497,Westin Building,Digital Realty,47.614356,-122.338864
way/269166415,Cox Data Center,,34.036257,-84.319512
way/300162689,Level 3 Ashburn,Lumen Technologies,39.022182,-77.457609
way/337127824,NTT Data Quincy,NTT,47.24358,-119.865748
way/417682780,KOMO Plaza East,,47.619233,-122.348287
way/417682781,KOMO Plaza West,,47.61896,-122.348526
way/507673437,QTS Data Center,Quality Technology Services,32.988913,-97.259274
way/509611436,Valero Wiserman,Valero,29.474237,-98.680079
way/545060574,"Liquid Web, Inc",,42.70539,-84.666089
way/611308188,Strata Networks,,40.456595,-109.529017
way/640148472,CyrusOne Quincy,CyrusOne,47.243847,-119.869669
way/667796922,Oxford Networks,FirstLight,43.895157,-69.923434
way/758278314,iGLASS Networks,,35.766751,-78.783987
way/780063735,PG&E Datacenter,,38.246238,-122.067184
way/793622740,Aligned Ashburn,Aligned,39.013608,-77.470556
way/923148801,Lumen Cleveland,,41.505066,-81.657776
way/1071772119,Microsoft EAT02,Microsoft,47.416868,-120.207688
way/1077131079,xAI Macrohardrr,xAI,34.993488,-90.03417
way/1124864831,Microsoft IAD11,Microsoft,38.948258,-77.555911
way/1154636644,NTT Chicago CH1,NTT,41.987962,-88.007222
way/1173537116,Microsoft EAT03,Microsoft,47.418324,-120.20771
way/1173537117,Microsoft EAT04,Microsoft,47.419638,-120.213813
way/1254161871,Dynamics Mining,,37.362998,-87.547151
way/1268789798,Windbreak Cable,,41.182601,-104.068498
way/1271571726,NTT Chicago CH2,NTT,41.989015,-88.007213
way/1282332209,UPS Data Center,,34.103384,-84.21497
way/1446350367,NTT Chicago CH3,NTT,41.986941,-88.007985
way/1446350370,NTT Chicago CH4,NTT,41.989101,-88.004758
way/1501825871,NYGC Chateaugay,2CRSi,44.893006,-74.072881
node/5225685660,Lumos Networks,,37.415688,-79.142706
node/12682482760,Lumen Albany 4,Lumen Technologies,42.735631,-73.818665
node/13042311881,CoreSite - LA2,CoreSite,34.058479,-118.235914
way/31800424,LightEdge SAN1,,32.827894,-117.129927
way/32560290,RagingWire CA2,NTT,38.6504,-121.491946
way/32560292,RagingWire CA1,NTT,38.650432,-121.489187
way/131874718,H5 Minneapolis,H5,44.972195,-93.147473
way/152449872,Serverfarm CH1,Serverfarm,41.870944,-87.640141
way/190868312,RagingWire CA3,NTT,38.644239,-121.498763
way/194049551,QTS Sacramento,Quality Technology Services,38.646376,-121.486269
way/203432103,IU Data Center,Indiana University,39.174423,-86.500688
way/251716328,Digital Realty,Digital Realty,38.910116,-77.472592
way/283051474,H5 Data Center,Intuit,47.251587,-119.818805
way/379195054,Lumen Austin 3,Lumen Technologies,30.261396,-97.723597
way/383888101,Lumen Austin 1,,30.1965,-97.712402
way/460175672,AWS Building E,Amazon Web Services,39.005052,-77.485612
way/465032380,Prime DFW01-01,Prime,32.837958,-96.878401
way/465032484,Lumen Dallas 6,Lumen Technologies,32.827998,-96.884379
way/491914767,H5 Data Center,,41.506355,-81.683589
way/590213771,CyrusOne Allen,CyrusOne,33.138521,-96.659952
way/639176155,Microsoft TRP2,Microsoft,29.411987,-98.803995
way/639176157,Microsoft TRP1,Microsoft,29.412012,-98.80273
way/661065639,Nüday Networks,,43.826949,-79.334479
way/758306877,Central Office,AT&T,42.833644,-88.733998
way/845775548,JPMorgan Chase,JPMorgan Chase,39.989158,-105.020726
way/891031651,T5 Data Center,,34.075792,-84.264267
way/1334234458,Amazon AWS PHL,Amazon Web Services,41.083991,-76.143375
way/1461896928,Prime DFW01-01,Prime,32.837814,-96.879846
node/7264976228,Learning GIS!,,40.42179,-86.914155
node/8109664813,Atlanta ATL13,Digital Realty,33.755519,-84.391481
node/9808044830,505 Marquette,,35.088629,-106.652646
node/11196801643,Colo RIve-Sud,,45.522956,-73.520165
node/13311012216,Fiberhub LAS1,Fiberhub,36.065941,-115.139883
node/13546262077,Alpha Federal,Alpha Innovations,38.353177,-81.696182
way/33186030,11:11 Systems,,43.598248,-79.750131
way/33710942,11:11 Systems,,43.603315,-79.735382
way/46128119,CyrusOne CIN2,CyrusOne,39.102694,-84.5179
way/204316962,IO Datacenter,,40.520817,-74.347223
way/222672860,Amazon IAD-55,Amazon Web Services,38.815021,-77.64868
way/223783259,CTI Biopharma,,47.617787,-122.356694
way/292506452,zColo by Zayo,,39.59134,-104.847065
way/300959970,CyrusOne PHX1,CyrusOne,33.270878,-111.881995
way/328702348,TGN Hillsboro,Tata Communications,45.546514,-122.893791
way/358946546,QES Computers,,37.699475,-121.9038
way/369452572,Pittock Block,,45.521544,-122.680704
way/435817145,CyrusOne NVA5,CyrusOne,39.024356,-77.4341
way/460056017,Amazon IAD-61,Amazon Web Services,38.915805,-77.491987
way/597835788,Stream DFW IV,Stream,33.000144,-96.661647
way/612045611,Goldman Sachs,,40.570372,-74.67033
way/693390022,Amazon IAD120,Amazon Web Services,38.957917,-77.498058
way/693390023,Amazon IAD121,Amazon Web Services,38.956777,-77.497784
way/701923200,QTS Ashburn 1,Quality Technology Services,38.999528,-77.450111
way/701929066,Amazon IAD144,Amazon Web Services,38.981635,-77.427429
way/701930919,CyrusOne NVA8,CyrusOne,39.021179,-77.413244
way/701930929,Amazon IAD114,Amazon Web Services,39.035494,-77.450699
way/701930930,Amazon IAD115,Amazon Web Services,39.036294,-77.449795
way/701931820,Amazon IAD150,Amazon Web Services,38.916073,-77.477249
way/744491691,Amazon IAD145,Amazon Web Services,38.982552,-77.42463
way/758580536,Vital Records,,40.528072,-74.682816
way/781370600,CyrusOne PHX6,CyrusOne,33.26763,-111.882512
way/793087859,Amazon IAD118,Amazon Web Services,39.018509,-77.438836
way/794147657,Amazon IAD146,Amazon Web Services,38.996721,-77.435597
way/817338831,Amazon IAD140,Amazon Web Services,38.981455,-77.41755
way/817338832,Amazon IAD141,Amazon Web Services,38.982388,-77.416786
way/852039781,Amazon IAD119,Amazon Web Services,39.016931,-77.439389
way/876020641,Iron Mountain,,47.594616,-117.537148
way/886028872,Amazon IAD128,Amazon Web Services,39.01608,-77.438382
way/897226574,Amazon IAD125,Amazon Web Services,38.94809,-77.560545
way/897226575,Amazon IAD124,Amazon Web Services,38.949895,-77.560452
way/930849744,Amazon IAD163,Amazon Web Services,39.032305,-77.429702
way/940821791,Omnis Network,,33.394436,-111.952517
way/954433119,Amazon IAD175,Amazon Web Services,38.979868,-77.425476
way/958662382,Amazon IAD147,Amazon Web Services,38.99501,-77.43536
way/977653854,CyrusOne PHX7,,33.266374,-111.881894
way/977653858,CyrusOne PHX4,CyrusOne,33.268778,-111.882522
way/977653859,CyrusOne PHX5,CyrusOne,33.26975,-111.881584
way/983627455,CyrusOne NVA7,CyrusOne,39.026315,-77.434019
way/984953813,Amazon IAD174,Amazon Web Services,39.028914,-77.427478
way/984953814,Amazon IAD164,Amazon Web Services,39.030471,-77.428945
way/989735623,Amazon IAD152,Amazon Web Services,38.916572,-77.479733
way/989735624,Amazon IAD151,Amazon Web Services,38.916147,-77.478696
way/990537857,Amazon IAD122,Amazon Web Services,38.955871,-77.497186
way/996899486,Amazon IAD102,Amazon Web Services,38.735973,-77.504896
way/996899487,Amazon IAD101,Amazon Web Services,38.735438,-77.505701
way/996899488,Amazon IAD100,Amazon Web Services,38.734598,-77.506642
way/1015995259,Amazon IAD601,Amazon Web Services,38.778859,-77.557116
way/1017048670,Switch Edge 1,,36.059134,-115.213688
way/1037871048,Amazon IAD601,Amazon Web Services,39.01526,-77.437776
way/1088241977,Aligned IAD02,Aligned,39.010417,-77.475159
way/1092757323,Compute North,,40.725927,-99.038336
way/1177893426,Amazon IAD603,Amazon Web Services,38.981544,-77.419361
way/1181391921,Amazon IAD130,Amazon Web Services,38.760361,-77.519302
way/1181391922,Amazon IAD131,Amazon Web Services,38.761105,-77.518221
way/1188680255,Amazon IAD192,Amazon Web Services,38.98956,-77.434802
way/1219083554,T5 Chicago II,T5 Data Centers,42.023042,-87.975557
way/1227612684,Amazon IAD103,Amazon Web Services,38.736985,-77.504088
way/1227682824,CyrusOne PHX8,,33.266328,-111.883304
way/1227684019,CyrusOne PHX3,,33.271916,-111.881627
way/1227684020,CyrusOne PHX4,,33.271809,-111.883263
way/1276518679,Amazon IAD214,Amazon Web Services,38.986532,-77.435177
way/1276518684,Aligned IAD03,Aligned,38.988635,-77.440778
way/1278541792,Involta-Akron,,41.057384,-81.521928
way/1383913490,Databank LGA3,Databank,41.039951,-73.989572
way/1425043212,QTS NAL 2 DC1,Quality Technology Services,40.055736,-82.756501
way/1425043213,QTS NAL 2 DC2,Quality Technology Services,40.053078,-82.756634
way/1481581947,CyrusOne CHI3,CyrusOne,41.802861,-88.246752
node/751881301,CoreSite DC1,CoreSite,38.902888,-77.029149
node/4879481820,Google Fiber,Google,33.771568,-84.366859
node/9669639033,Lumen McLean,Lumen Technologies,38.920854,-77.211571
node/13720841436,TulsaConnect,,36.153294,-95.989193
node/13720841438,TulsaConnect,,36.148452,-95.99082
way/29827954,CoreSite BO1,,42.376706,-71.079758
way/38305568,Csquare SFO1,Csquare,37.371471,-121.969683
way/45776978,Amazon IAD11,Amazon Web Services,38.790495,-77.54111
way/45776979,Amazon IAD24,Amazon Web Services,38.790346,-77.54001
way/48242814,Amazon IAD10,Amazon Web Services,39.021675,-77.432973
way/48242816,Amazon IAD32,Amazon Web Services,39.021569,-77.434794
way/54119665,Csquare SFO2,Csquare,37.397572,-121.980963
way/54119667,Csquare SFO2,Csquare,37.398638,-121.981156
way/54173383,CoreSite SV3,CoreSite,37.375158,-121.971714
way/54173753,CoreSite SV6,CoreSite,37.376302,-121.972084
way/54173755,CoreSite SV8,CoreSite,37.377383,-121.97184
way/54383196,CoreSite SV5,CoreSite,37.375196,-121.970689
way/54383197,CoreSite SV9,CoreSite,37.375555,-121.969605
way/69827429,IBM Building,,42.649353,-73.752745
way/129730212,Cologix TOR4,,43.850741,-79.342653
way/205823968,Equinix SV15,Equinix,37.375495,-121.988406
way/205823970,Equinix SV16,Equinix,37.376124,-121.988672
way/205823971,Equinix SV17,Equinix,37.376531,-121.988583
way/205846843,CoreSite SV4,CoreSite,37.376261,-121.970685
way/209073658,Csquare SFO4,Csquare,37.375799,-121.955184
way/221897579,Equinix DC97,,38.961573,-77.377418
way/239147373,Lumen McLean,Lumen Technologies,38.920021,-77.211619
way/258343744,Amazon IAD-9,Amazon Web Services,38.899724,-77.453444
way/258343748,Amazon IAD22,Amazon Web Services,38.897905,-77.455103
way/258343749,Amazon IAD-1,Amazon Web Services,38.897864,-77.454082
way/271893323,Csquare SFO3,Csquare,37.372054,-121.986041
way/299388896,CoreSite SV2,"CoreSite Real Estate 1656 McCarthy, L.P.",37.405686,-121.91626
way/299927846,Amazon IAD76,Amazon Web Services,38.993794,-77.450509
way/299929061,Amazon IAD12,Amazon Web Services,38.988724,-77.447671
way/300969250,Equinix DC13,Equinix,39.012562,-77.475405
way/337127817,Vantage WA11,,47.250165,-119.81449
way/428021816,One Wilshire,,34.047888,-118.255541
way/460056019,Amazon IAD51,Amazon Web Services,38.991412,-77.436511
way/460056023,Amazon IAD16,Amazon Web Services,38.990686,-77.44884
way/460056024,Amazon IAD15,Amazon Web Services,38.991708,-77.448564
way/460059465,Amazon IAD14,Amazon Web Services,38.789885,-77.548229
way/460060340,Amazon IAD59,Amazon Web Services,38.792187,-77.548467
way/460060341,Amazon IAD52,Amazon Web Services,38.791119,-77.548386
way/460159928,Csquare SFO1,Csquare,37.37045,-121.969825
way/463571875,Amazon IAD78,Amazon Web Services,39.026368,-77.44952
way/463571876,Amazon IAD79,Amazon Web Services,39.026357,-77.45087
way/465062052,Amazon IAD87,Amazon Web Services,38.991808,-77.441172
way/465062053,Amazon IAD88,Amazon Web Services,38.990968,-77.441868
way/490997243,Amazon IAD73,Amazon Web Services,38.77798,-77.559099
way/490997244,Amazon IAD74,Amazon Web Services,38.777437,-77.557891
way/544596573,Amazon IAD63,Amazon Web Services,38.916885,-77.493251
way/545396372,Amazon IAD62,Amazon Web Services,38.949322,-77.519875
way/556599693,Amazon IAD71,Amazon Web Services,39.027906,-77.4575
way/556599694,Amazon IAD50,Amazon Web Services,39.029567,-77.459672
way/556599695,Amazon IAD60,Amazon Web Services,39.028774,-77.458246
way/596690174,Amazon IAD80,Amazon Web Services,39.027109,-77.452829
way/600806974,Equinix SV10,Equinix,37.241229,-121.784754
way/693381106,Amazon IAD68,Amazon Web Services,38.948687,-77.520952
way/693381107,Amazon IAD81,Amazon Web Services,38.948388,-77.52183
way/694602725,Vantage WA12,,47.25397,-119.813699
way/697020849,Amazon IAD58,Amazon Web Services,38.9863,-77.441885
way/697020850,Amazon IAD57,Amazon Web Services,38.986993,-77.442633
way/697021948,Amazon IAD64,Amazon Web Services,38.815132,-77.652919
way/701924665,Vantage VA11,Vantage Data Centers,39.002379,-77.437688
way/701924667,Amazon IAD90,Amazon Web Services,38.988603,-77.411652
way/701924668,Amazon IAD91,Amazon Web Services,38.987847,-77.411119
way/701924669,Amazon IAD92,Amazon Web Services,38.986943,-77.410475
way/701930920,Amazon IAD98,Amazon Web Services,39.020225,-77.433886
way/701930921,Amazon IAD99,Amazon Web Services,39.019169,-77.43403
way/701931819,Amazon IAD65,Amazon Web Services,38.917011,-77.494366
way/752001022,Fort Rock DC,Fort Rock Data Center,44.047407,-121.32855
way/828135845,Amazon IAD84,Amazon Web Services,38.816103,-77.652499
way/837139011,ForceAmp.com,,41.703998,-91.587078
way/844391358,Google NBY-1,Google,40.061161,-82.764329
way/882977350,CloudHQ MCC1,CloudHQ,38.717062,-77.49994
way/990537813,Amazon IAD83,Amazon Web Services,38.947949,-77.523099
way/996899489,CloudHQ MCC2,CloudHQ,38.723192,-77.498971
way/1160688107,CoreSite SV7,CoreSite,37.376079,-121.973057
way/1181391920,Amazon IAD86,Amazon Web Services,38.917256,-77.495674
way/1222007663,Google NBY-2,Google,40.059618,-82.764465
way/1227539675,Equinix DC14,Equinix,38.803379,-77.510546
way/1227604493,Equinix SV11,Equinix,37.242615,-121.784022
way/1227614670,CloudHQ MCC3,CloudHQ,38.715017,-77.49512
way/1227777116,Vantage VA13,Vantage Data Centers,39.003199,-77.439853
way/1252196811,Google NBY-3,Google,40.057906,-82.765328
way/1252196812,Google NBY-4,Google,40.059353,-82.771745
way/1292169104,T5@Cleveland,T5 Data Centers,41.443057,-81.803445
way/1343760339,Vantage WA13,,47.252481,-119.813639
way/1344376231,Csquare SFO4,Csquare,37.375765,-121.95627
way/1381264361,xAI Colossus,xAI,35.05995,-90.156382
way/1382205749,T5@Cleveland,T5 Data Centers,41.442622,-81.8023
way/1383916144,CoreSite NY3,CoreSite,40.784904,-74.065357
way/1386016632,Google NBY-5,Google,40.056511,-82.772007
way/1386016633,Google NBY-6,Google,40.053959,-82.767595
way/1425043214,QTS NAL1 DC2,Quality Technology Services,40.063613,-82.758227
way/1425043215,QTS NAL1 DC1,Quality Technology Services,40.065001,-82.758131
way/1427613543,Google NBY-7,Google,40.053963,-82.764435
way/1501824326,Percheron DC,Rowan Green Data LLC,45.711318,-119.826235
way/1501824327,Percheron DC,Rowan Green Data LLC,45.711934,-119.824764
way/1501824328,Percheron DC,Rowan Green Data LLC,45.708272,-119.822273
way/1501824329,Percheron DC,Rowan Green Data LLC,45.709321,-119.821212
node/2733736931,Equinix TR1,Equinix,43.644529,-79.384389
node/9664758614,Rack & Data,,43.423052,-80.472772
node/9808044840,123 Central,bigbyte.cc,35.084449,-106.648985
node/10945121336,West Monroe,,41.880527,-87.635938
node/12303164157,Equinix VA1,Equinix,49.260569,-123.01124
node/12471740457,H5 Secaucus,H5,40.785395,-74.075012
way/35491576,Equinix SV1,Equinix,37.241597,-121.783328
way/45776988,Amazon IAD7,Amazon Web Services,38.791199,-77.538266
way/99813512,Equinix SV4,Equinix,37.414511,-122.014556
way/132746406,Equinix SV8,Equinix,37.445895,-122.160786
way/161126131,Equinix SV5,Equinix,37.242072,-121.781785
way/193611216,Equinix NY3,Equinix,40.774903,-74.068969
way/209786637,QTS Chicago,Quality Technology Services,41.84219,-87.668943
way/254756938,CenturyLink,Lumen Technologies,36.14372,-115.083385
way/288232465,Ascent TOR1,"Ascent, LLC",43.427496,-80.371994
way/290101976,VentureData,,43.825229,-111.78207
way/302107922,Equinix TR2,Equinix,43.650928,-79.361767
way/365733781,Equinix OT1,Equinix,45.57467,-75.398413
way/368724474,Equinix DC7,Equinix,38.909139,-77.220557
way/369728508,Data Center,Oregon Health & Science University,45.526684,-122.875505
way/373913881,Cisco Allen,,33.135962,-96.660992
way/390287635,Equinix SV6,Equinix,37.399626,-122.014558
way/450078003,Equinix CU2,Equinix,38.454844,-77.978132
way/531709017,AT&T Center,American Telephone & Telegraph,32.747654,-117.158954
way/536784688,CenturyLink,,33.765139,-84.383739
way/570397131,Thin-nology,,30.421141,-97.591603
way/661951723,Equinix TR6,Equinix,43.74384,-79.716656
way/662392354,Equinix TR7,Equinix,43.744941,-79.717826
way/794147654,CloudHQ LC1,CloudHQ,39.010247,-77.462671
way/794147655,CloudHQ LC2,CloudHQ,39.011755,-77.462459
way/818167571,1623 Farnam,News-Press & Gazette Company,41.257291,-95.937849
way/961071564,SimpleHelix,,34.745431,-86.691883
way/965755845,CenturyLink,CenturyLink,44.938075,-123.033722
way/1013396352,CenturyLink,,36.182998,-115.06267
way/1207052719,QTS Suwanee,Quality Technology Services,34.036155,-84.059347
way/1344901575,Vantage VA2,Vantage Data Centers,38.997953,-77.430255
way/1371348227,CenturyLink,,39.744048,-93.997376
way/1443187163,CloudHQ LC3,,39.011212,-77.460425
way/1460855151,STACK SVY02,Stack Infrastructure,37.361934,-121.953731
node/6625492701,Oso Grande,Oso Grande,35.092501,-106.653671
node/13720841437,Windstream,,36.148501,-95.990514
way/244490839,PhoenixNAP,,33.416077,-112.009472
way/300959969,H5 Phoenix,H5,33.276999,-111.885891
way/384310259,XO Fremont,XO,37.475325,-121.922107
way/544536822,Liquid Web,,42.687953,-84.643042
way/828228235,StrongMind,,33.342608,-111.840962
way/1134911640,AWS IAD105,Amazon Web Services,38.7476,-77.51948
way/1134911641,AWS IAD104,Amazon Web Services,38.74837,-77.5207
way/1221862807,AWS IAD106,Amazon Web Services,38.746979,-77.518524
node/7557854384,OptimumHQ,,33.380415,-111.752668
node/10537283366,Netrality,Netrality,41.872881,-87.63344
node/12766117170,Dataverge,Dataverge,40.657696,-74.004816
way/159959672,TierPoint,,36.15859,-95.988629
way/224998784,Microsoft,Microsoft,37.362103,-121.946459
way/253682978,TierPoint,,38.62976,-90.196421
way/335468616,TierPoint,,47.671915,-117.095932
way/364289073,Microsoft,Microsoft,29.47827,-98.690685
way/364289077,Microsoft,Microsoft,29.481054,-98.69657
way/410408073,Microsoft,Microsoft,47.239478,-119.883009
way/424945852,DRT LAX12,Digital Realty,33.915659,-118.384619
way/428021796,DRT LAX10,,34.04733,-118.25751
way/438077632,Microsoft,Microsoft,41.540609,-93.824843
way/499403180,Microsoft,Microsoft,47.239487,-119.88741
way/694493125,Microsoft,Microsoft,47.237662,-119.887531
way/694493126,Microsoft,Microsoft,47.237632,-119.883219
way/694493127,Microsoft,Microsoft,47.236722,-119.883335
way/694493128,Microsoft,Microsoft,47.236737,-119.887432
way/813532303,SAP COS02,SAP,38.988916,-104.786329
way/819981908,TierPoint,,35.92451,-86.855687
way/830881731,Microsoft,Microsoft,41.516741,-93.702513
way/830881732,Microsoft,Microsoft,41.515835,-93.702492
way/830881733,Microsoft,Microsoft,41.515818,-93.7063
way/830881734,Microsoft,Microsoft,41.516706,-93.706326
way/830881742,Microsoft,Microsoft,41.518501,-93.706333
way/830881743,Microsoft,Microsoft,41.517611,-93.706324
way/830881744,Microsoft,Microsoft,41.517642,-93.702499
way/830881745,Microsoft,Microsoft,41.518537,-93.702521
way/830885773,Microsoft,Microsoft,41.497856,-93.787059
way/830885774,Microsoft,Microsoft,41.498901,-93.78707
way/871745265,Microsoft,Microsoft,41.54065,-93.827877
way/886330269,Microsoft,Microsoft,39.074787,-77.564129
way/986829280,Microsoft,Microsoft,39.075508,-77.563035
way/1010260676,Microsoft,Microsoft,29.415797,-98.803316
way/1010260677,Microsoft,Microsoft,29.415796,-98.804515
way/1075278060,Microsoft,Microsoft,41.49683,-93.786996
way/1075278061,Microsoft,Microsoft,41.539814,-93.826314
way/1075278062,Microsoft,Microsoft,41.53967,-93.828665
way/1173569101,Microsoft,Microsoft,41.53499,-93.863444
way/1283734104,Microsoft,Microsoft,33.446303,-112.373887
way/1318322071,Microsoft,Microsoft,41.495806,-93.787055
way/1318322073,Microsoft,Microsoft,41.49475,-93.78702
way/1375475071,Microsoft,Microsoft,41.533916,-93.863439
way/1375475072,Microsoft,Microsoft,41.532837,-93.863462
way/1375475073,Microsoft,Microsoft,41.531814,-93.863443
node/7737996606,Emailage,,33.302965,-111.840539
node/12708029111,501 West,,40.315558,-74.668851
node/13685576464,RIC1 DC1,Quality Technology Services,37.489234,-77.247476
node/13685576465,RIC1 DC2,Quality Technology Services,37.488616,-77.24621
node/13685576466,RIC1 DC3,Quality Technology Services,37.487858,-77.244826
way/37947313,OpenColo,,37.378829,-121.955926
way/42000820,Old Main,Clarkson University,44.668107,-74.980582
way/172739950,Switch12,Switch,36.061739,-115.213292
way/209073645,Colovore,,37.376723,-121.953144
way/421273622,Fidelity,Fidelity,41.165524,-96.083367
way/680666647,Centeris,,47.15907,-122.279564
way/808979618,EdgeCore,,33.344149,-111.619588
way/1227550179,Novartis,,32.651201,-97.319673
way/1343100173,DataBank,,45.143693,-93.387119
way/1493516623,RIC2 DC1,,37.488174,-77.240062
way/1493516624,RIC2 DC2,,37.487092,-77.240983
way/1493516625,RIC2 DC3,,37.486066,-77.241891
way/1493516626,RIC2 DC5,,37.484848,-77.242984
way/1493516628,RIC2 DC6,,37.483901,-77.243764
way/1493516629,RIC3 DC1,Quality Technology Services,37.480504,-77.251622
way/1493516630,RIC3 DC2,Quality Technology Services,37.479727,-77.25221
way/1493516631,RIC3 DC3,Quality Technology Services,37.47851,-77.252996
way/1493516632,RIC3 DC5,Quality Technology Services,37.477015,-77.249693
way/1493516633,RIC3 DC4,Quality Technology Services,37.477917,-77.248977
node/6856057098,VIRTBIZ,,32.782546,-96.782815
node/10151456045,Cologix,Cologix,45.879305,-72.546429
node/13019681063,Comarch,,33.356679,-111.635236
node/13154826377,Equinix,Equinix,39.013792,-77.453798
way/59244466,Compass,Compass,43.601622,-79.528969
way/152163722,AZ Labs,,33.30628,-111.671722
way/204460799,Optimum,,40.546842,-74.492046
way/204460812,Equinix,Equinix,40.54492,-74.495359
way/224174031,SV Colo,SV Colo,37.36428,-121.958788
way/254583328,Verizon,,36.144733,-115.077928
way/405034574,Verizon,,41.338343,-96.027802
way/405034584,Verizon,,41.338444,-96.028618
way/409027020,Equinix,Equinix,33.850752,-118.304081
way/465530450,Verizon,Verizon,39.589248,-104.877933
way/812630939,Comcast,Comcast,42.213902,-83.198214
way/813688320,Actapio,Actapio,47.407508,-120.214011
way/958153769,DLI ONE,DLI ONE,32.498205,-84.883624
way/1420458489,Cologix,Cologix,45.480786,-73.769792
way/1482073995,Verizon,,40.878246,-78.728788
relation/2744301,Verizon,,40.544255,-74.496521
way/104082694,Aureon,,41.587993,-93.631014
way/328702401,Oracle,,45.543915,-122.896479
way/553884511,Carfax,,38.923517,-92.288606
way/578438011,Google,Google,41.221956,-95.864285
way/610827836,Google,Google,33.064272,-80.041453
way/661065569,Rogers,,43.826884,-79.343188
way/693385812,Google,Google,38.943205,-77.52433
way/795384117,PHX-10,Microsoft,33.407946,-112.36483
way/844359206,Google,Google,36.056271,-115.008575
way/844359207,Google,Google,36.058816,-115.008802
way/844371952,Google,Google,34.913667,-85.747422
way/844371953,Google,Google,34.913641,-85.745924
way/844386860,Google,Google,32.442139,-97.062465
way/844386861,Google,Google,32.443564,-97.06331
way/844389014,Google,Google,36.62459,-87.261292
way/844394357,Google,Google,41.134992,-96.146711
way/958728802,E-Foam,,28.577942,-81.564549
way/1065780801,Amazon,Amazon Web Services,37.389929,-121.965991
way/1069388075,Google,Google,33.062184,-80.039651
way/1069388095,Google,Google,33.062098,-80.041128
way/1069388141,Google,Google,33.064311,-80.03845
way/1069388147,Google,Google,33.066356,-80.038524
way/1069388156,Google,Google,33.064165,-80.043604
way/1069388186,Google,Google,33.062039,-80.044983
way/1069388211,Google,Google,33.064442,-80.046058
way/1073720208,Google,Google,41.177346,-95.804857
way/1073720209,Google,Google,41.177239,-95.806318
way/1073720210,Google,Google,41.177483,-95.803186
way/1073720211,Google,Google,41.177489,-95.800922
way/1073720212,Google,Google,41.175523,-95.806778
way/1073720213,Google,Google,41.175525,-95.805639
way/1073720214,Google,Google,41.175526,-95.804509
way/1073720215,Google,Google,41.175528,-95.803375
way/1073720216,Google,Google,41.175531,-95.802239
way/1073720217,Google,Google,41.17553,-95.801106
way/1073720218,Google,Google,41.175537,-95.799964
way/1073720219,Google,Google,41.17264,-95.80403
way/1073720220,Google,Google,41.172646,-95.802528
way/1073720221,Google,Google,41.172556,-95.801127
way/1091128478,PHX-11,Microsoft,33.409031,-112.364827
way/1103333136,Google,Google,36.624839,-87.26351
way/1171439340,QScale,,46.676157,-71.325063
way/1237493975,Google,Google,41.134919,-96.144082
way/1237494981,Google,Google,41.134393,-96.155904
way/1252196814,Google,Google,39.852077,-82.994836
way/1252196815,Google,Google,38.776145,-77.582514
way/1252196824,Google,Google,39.724042,-82.691112
way/1287260553,Google,Google,38.774437,-77.585618
way/1287260560,Google,Google,41.173626,-95.792188
way/1287260561,Google,Google,41.173628,-95.788661
way/1312801354,Google,Google,41.137908,-96.151432
way/1344369104,Amazon,,29.450677,-98.638704
way/1422101108,Google,Google,41.339139,-96.084657
way/1422101112,Google,Google,41.341935,-96.087701
way/1422101116,Google,Google,41.345193,-96.093519
way/1426525184,Google,Google,32.539004,-96.793207
way/1458626323,Google,Google,32.440104,-97.06092
way/1464257783,Google,Google,38.779305,-77.586335
way/1501120016,Google,Google,39.724114,-82.687551
way/28596260,Telus,,43.705005,-79.360532
way/151179323,Lumen,Lumen Technologies,33.494309,-112.070792
way/209077298,Lumen,Lumen Technologies,37.377585,-121.950682
way/363017375,AiNET,,39.05284,-76.925925
way/397914434,Apple,Apple Inc.,44.289415,-120.875077
way/444683815,Lumen,Lumen Technologies,47.654226,-117.420001
way/517411076,Apple,Apple Inc.,44.288936,-120.870177
way/627266016,Telus,,49.143207,-102.994495
way/706759844,Apple,Apple Inc.,44.287277,-120.870216
way/835601088,Lumen,Lumen Technologies,37.062799,-113.544748
way/838817943,SEGRA,,35.180051,-80.92636
way/1103333137,SPC3A,Google,36.624311,-87.259022
way/1173822721,EAT14,,47.359497,-120.160091
way/1173822722,EAT13,,47.358426,-120.159976
way/1173822723,EAT12,,47.357433,-120.159546
way/1235150788,Yahoo,Yahoo,41.180499,-96.084906
way/1276373853,Apple,Apple Inc.,44.285756,-120.869922
way/1318322780,Apple,Apple,41.616852,-93.924397
way/1470261550,SPC4A,Google,36.624063,-87.256912
node/10880725408,e360,,37.971081,-122.043738
node/12634611897,VAN4,Cologix,49.28355,-123.108711
node/13604170383,VAN2,Cologix,49.286962,-123.119472
node/13604170384,VAN1,Cologix,49.284456,-123.111783
way/46831933,VA 4,Digital Realty,38.778061,-77.594905
way/79159494,IAD1,Evocative,38.948812,-77.329414
way/154377787,VAN3,Cologix,49.259432,-123.029667
way/240724127,eBay,,40.563602,-112.047805
way/317466755,VISA,VISA,42.216776,-87.95293
way/321385147,Meta,Meta,44.295942,-120.887274
way/373945186,Meta,Meta,44.294973,-120.883973
way/460089167,Meta,Meta,35.31426,-81.822055
way/460089168,Meta,Meta,35.317385,-81.826248
way/472954201,AT&T,,34.579978,-118.114007
way/626785488,Meta,Meta,34.830242,-106.783812
way/706759845,Meta,Meta,44.293687,-120.881598
way/756778306,Meta,Meta,34.830279,-106.780128
way/772827597,Meta,Meta,44.29909,-120.879444
way/772827601,Meta,Meta,44.301258,-120.889891
way/777679751,Meta,Meta,34.83028,-106.776461
way/883809860,Meta,Meta,35.316612,-81.825176
way/931732650,Ebay,,40.564113,-112.050635
way/1109074150,Meta,Meta,35.315669,-81.822109
way/1152747559,Meta,Meta,44.301672,-120.894587
way/1152748037,Meta,Meta,44.299218,-120.894582
way/1191496040,Meta,Meta,34.82588,-106.778893
way/1253282103,Meta,Meta,41.675784,-93.509831
way/1253282104,Meta,Meta,41.675801,-93.506037
way/1296723872,GVTC,GVTC,29.686403,-98.462648
way/1340746574,Meta,Meta,34.825863,-106.782473
way/1386016634,Meta,Meta,40.061493,-82.740552
way/1386016635,Meta,Meta,40.06523,-82.741168
way/79158387,VA3,Digital Realty,38.948494,-77.327307
way/290916394,CGI,,43.601323,-79.74629
way/1022757169,AWS,,38.981446,-77.426036
way/1132632705,QTS,Quality Technology Services,33.460881,-111.997156
way/1273968634,QTS,Quality Technology Services,39.734062,-104.707937
way/1315636714,QTS,Quality Technology Services,33.46468,-111.99756
way/1365213539,PTC,Stayton Cooperative Telephone Company,44.775224,-122.615931
way/1472128597,QTS,Quality Technology Services,33.448403,-84.522489
way/1472128598,QTS,Quality Technology Services,33.450885,-84.523625
way/1493516619,DC6,Quality Technology Services,37.485289,-77.250182
way/1493516620,DC5,Quality Technology Services,37.484779,-77.249109
way/1493516621,DC4,Quality Technology Services,37.483918,-77.247815
way/1504463315,MDC,,31.750007,-106.309926
relation/14930068,HPC,Sandia National Laboratories,35.049945,-106.542801
node/11924506303,IT,,33.91029,-117.503021
node/7259975451,,,49.274393,-122.912312
node/7852403847,,,49.264798,-123.103763
node/9861806598,,,39.101182,-94.578821
node/10780794741,,Ntirety,37.779653,-122.394001
node/11815482844,,,41.807282,-83.627629
node/12699734832,,,49.284509,-123.111689
node/13604194266,,Carrier Connect Data Solutions,49.287624,-123.115111
way/36897140,,,39.294048,-84.412113
way/38305611,,Vantage,37.373308,-121.972778
way/45448535,,,44.991442,-93.28034
way/71187940,,Verizon Wireless,42.326288,-83.076977
way/79056848,,University of New Hampshire,43.14362,-70.952447
way/87058670,,FirstLight,43.076129,-70.80804
way/118650988,,"Patmos Hosting, Inc.",39.094468,-94.579442
way/178331621,,,39.377778,-77.411545
way/191655977,,,41.221486,-95.863822
way/195165330,,,39.290638,-94.675916
way/195165354,,,39.295555,-94.673486
way/195169261,,,39.302406,-94.684792
way/209105766,,,37.37979,-121.949903
way/211832626,,TierPoint,42.685708,-71.208602
way/221201212,,Comcast,47.693324,-122.317317
way/222247139,,Vidéotron,45.528623,-73.610646
way/254773884,,,33.096018,-96.681542
way/258519934,,,38.909237,-77.472266
way/273896096,,CyrusOne,38.984866,-77.42567
way/283051469,,,47.24621,-119.813226
way/283051470,,,47.247651,-119.813186
way/283051471,,,47.246168,-119.815756
way/283051478,,,47.246736,-119.828866
way/288909509,,,39.290135,-94.685064
way/292506449,,,39.590131,-104.846963
way/337127832,,,47.238819,-119.859359
way/337127833,,,47.238262,-119.859366
way/343593591,,,41.90534,-88.219506
way/345650474,,,40.55284,-74.456687
way/349925359,,Verizon Wireless,39.717197,-85.941411
way/383796776,,Aligned Data Centers,41.432198,-82.718957
way/410408067,,,47.237669,-119.864626
way/414055239,,,41.126294,-104.901853
way/424945736,,Centurylink,33.917728,-118.386223
way/429040021,,Bank of America,37.494395,-77.237487
way/435531451,,,25.797545,-80.230034
way/437396883,,,43.604881,-79.740135
way/447803368,,,43.067297,-89.436704
way/451413811,,,37.333633,-121.887964
way/460056018,,,38.986515,-77.442256
way/460159925,,NTT Limited,37.403964,-121.889231
way/460159955,,Vantage,37.371779,-121.972505
way/460182337,,Digital Realty,40.537526,-74.555524
way/460212563,,Centurylink,34.199869,-118.343789
way/464097467,,,39.56711,-119.548534
way/476609221,,,38.802671,-104.521981
way/483286527,,,33.009314,-96.676562
way/487170215,,DXC Technology,30.0187,-95.863747
way/499403698,,,47.238593,-119.864537
way/509611426,,CHRISTUS Health,29.470328,-98.686191
way/509611429,,Frost Bank,29.470212,-98.687667
way/515596349,,,45.497226,-73.563403
way/533842335,,,36.1405,-86.764136
way/537172525,,,41.124033,-104.898089
way/537172526,,,41.124037,-104.899269
way/537172527,,,41.125284,-104.899271
way/537172528,,,41.125287,-104.898083
way/543316327,,DXC Technology,29.995198,-95.563333
way/543404966,,DXC Technology,29.997335,-95.56404
way/545704217,,,34.0707,-84.675903
way/551387747,,,40.115743,-83.002579
way/557140229,,Amazon Web Services,32.850483,-97.070297
way/567894059,,,39.185856,-85.887072
way/587103676,,,29.821576,-95.5708
way/590213770,,,33.137823,-96.655941
way/597876723,,,32.966244,-96.711226
way/607483487,,,39.83093,-75.195323
way/607753694,,Verizon Wireless,41.220402,-96.147641
way/609126465,,,28.617449,-81.393461
way/661048287,,,43.833351,-79.320538
way/671301768,,Meta,40.068418,-82.750313
way/697021949,,Amazon,38.815975,-77.65254
way/701924664,,GI Partners,39.000647,-77.439808
way/706081342,,,35.048347,-106.542155
way/708916484,,,39.015422,-77.47827
way/729376485,,,40.584372,-74.243381
way/744177375,,,30.177708,-95.486593
way/747985149,,,33.953373,-98.524786
way/755540694,,,42.968727,-83.779585
way/756382879,,,40.599363,-74.709675
way/756382880,,,40.599741,-74.710073
way/758426349,,,46.332132,-113.292672
way/766768556,,Involta,44.204435,-88.34493
way/773848531,,US Signal,42.235327,-83.444141
way/775412066,,,39.567714,-119.542363
way/775412067,,,39.567501,-119.54321
way/775412068,,,39.56716,-119.544388
way/775412069,,,39.566921,-119.545227
way/775412072,,,39.565758,-119.547974
way/775412073,,,39.565106,-119.54769
way/778989332,,,39.559068,-104.833534
way/790870522,,Amazon,45.623691,-73.381301
way/802054282,,,40.95127,-73.897901
way/802160675,,Meta,40.065725,-82.749118
way/807374322,,,47.237097,-119.895155
way/813688319,,,47.407242,-120.213935
way/814061068,,,47.392149,-120.217462
way/814061069,,,47.391794,-120.217877
way/826001605,,,36.023489,-86.79162
way/832622369,,Blockfusion,43.074831,-78.944809
way/843314844,,DirecTV,32.092706,-110.787424
way/843321913,,,44.337386,-79.67047
way/844374689,,,39.050601,-77.540023
way/880052062,,TierPoint,38.94063,-94.755233
way/894425613,,BNYM,36.215392,-86.783629
way/903236619,,Quicken Loans,42.326178,-83.069769
way/904453635,,,36.328074,-83.376704
way/916046040,,,39.729559,-104.712783
way/916148870,,,43.044944,-78.749203
way/919948160,,,42.675665,-87.918406
way/923167491,,,35.179488,-80.570183
way/930540164,,,33.1536,-117.238846
way/936368014,,,40.524278,-74.547881
way/938592711,,,33.439377,-112.377048
way/944024849,,,41.558081,-93.527656
way/946014659,,,36.081252,-95.854149
way/959969621,,,41.478815,-72.801014
way/989352911,,,40.543332,-74.538374
way/1006315992,,Bell Canada,45.530188,-73.606836
way/1010260674,,,29.419002,-98.787481
way/1012918195,,,34.060998,-84.274027
way/1024384322,,,38.926806,-94.768373
way/1034230196,,,28.294069,-81.834865
way/1042260902,,DirecTV,31.972675,-110.304752
way/1052182309,,,33.493351,-112.07055
way/1054387471,,Meta,33.601386,-83.705426
way/1059036248,,,38.745991,-77.537549
way/1069388067,,Google,33.061987,-80.038293
way/1070895993,,Meta,33.600074,-83.696847
way/1070895994,,Meta,33.598072,-83.695021
way/1075445245,,,37.361154,-121.94234
way/1085712184,,PowerHouse,37.356296,-77.333657
way/1087123851,,,26.077867,-98.362012
way/1092283612,,,41.052332,-73.971774
way/1109643936,,US Bitcoin,43.082179,-79.030778
way/1116775094,,,39.514068,-119.475515
way/1116775095,,,39.513871,-119.484853
way/1128589933,,,39.069649,-77.560771
way/1128589934,,,39.069656,-77.559433
way/1133944585,,,38.81056,-89.948703
way/1143804764,,,39.133687,-76.851434
way/1157356188,,West Wisconsin Telcom,44.877165,-91.919999
way/1177794153,,,32.894761,-96.981938
way/1177975782,,,41.125403,-104.907552
way/1177975783,,,41.126438,-104.899516
way/1177975784,,,41.125411,-104.901978
way/1177975788,,,41.122266,-104.908142
way/1177975789,,,41.122246,-104.909517
way/1188691867,,,39.017043,-77.473338
way/1188715510,,,39.017926,-77.459516
way/1193914601,,,47.244813,-119.818095
way/1193914602,,,47.24429,-119.814806
way/1210199365,,,39.569711,-119.537859
way/1210199366,,,39.570053,-119.537092
way/1210199367,,,39.570592,-119.536034
way/1210199368,,,39.570986,-119.535317
way/1211362828,,,43.638333,-89.721403
way/1219083552,,,42.023143,-87.972186
way/1233556146,,Amazon,45.62299,-73.38246
way/1235255415,,CenturyLink,32.309666,-106.729193
way/1252196806,,Amazon Web Services,40.117391,-83.202074
way/1252196809,,Amazon Web Services,40.048138,-83.175294
way/1252196813,,Meta,40.060376,-82.750995
way/1263819877,,Switch,36.064021,-115.221109
way/1269259655,,,38.740385,-77.503977
way/1287260559,,,38.758931,-77.516694
way/1301654223,,,38.948035,-77.558984
way/1310628998,,HEB,29.580152,-98.541304
way/1312792611,,Meta,41.888546,-88.721834
way/1312792612,,Meta,41.889299,-88.73103
way/1312792613,,Meta,41.890305,-88.726628
way/1313995085,,,37.370643,-121.974482
way/1316005112,,,42.02308,-87.961463
way/1319724559,,,40.224534,-83.045792
way/1320683840,,,39.51152,-119.483306
way/1333205263,,,39.066015,-77.558569
way/1339825480,,,41.342966,-96.090207
way/1344369111,,,29.418466,-98.788796
way/1344901567,,,39.000448,-77.460796
way/1344901568,,,38.999132,-77.460787
way/1344901569,,,39.001826,-77.452703
way/1368776076,,,41.515864,-93.720312
way/1368776077,,,41.516864,-93.719767
way/1372772726,,,33.353215,-111.678033
way/1375443893,,,40.059238,-82.762677
way/1380114462,,,38.737208,-77.82628
way/1380114463,,,38.738214,-77.825868
way/1381994242,,CloudHQ,39.002367,-77.471984
way/1387080629,,,35.568135,-95.512417
way/1392657385,,,38.9392,-94.860185
way/1411056682,,Oppidan,40.052673,-83.127424
way/1414729942,,,44.189237,-105.61048
way/1426146790,,,41.795377,-88.246965
way/1426663253,,,38.936464,-77.42468
way/1432637060,,,29.44968,-98.714404
way/1432637061,,,29.450931,-98.713908
way/1432637062,,,29.45223,-98.714064
way/1433936352,,,39.322631,-94.594795
way/1443922527,,,39.055977,-77.547334
way/1443922528,,,39.057797,-77.546734
way/1443922535,,,39.082189,-77.565121
way/1447049070,,,40.020774,-83.124181
way/1447049071,,,40.021203,-83.123188
way/1454573842,,,44.734759,-93.06186
way/1454573843,,,44.734535,-93.064891
way/1454813845,,,41.514853,-93.720886
way/1454813846,,,41.513888,-93.72141
way/1455915217,,,43.463141,-116.268232
way/1455915218,,,43.463336,-116.272095
way/1456975947,,,33.347198,-111.63246
way/1456975948,,,33.346333,-111.628914
way/1456975949,,,33.347189,-111.625792
way/1460776170,,,39.055263,-77.544785
way/1460776171,,,39.054097,-77.545995
way/1460776174,,,39.051037,-77.534801
way/1462886682,,,40.115825,-83.001488
way/1470108469,,,47.240171,-119.863265
way/1473440674,,,40.265862,-112.019433
way/1473440676,,,40.269859,-112.019456
way/1484435248,,,33.140647,-96.659526
way/1494498031,,,39.509868,-119.483041
way/1494498032,,,39.508083,-119.483237
way/1498005255,,SC,37.278406,-98.588462
way/1498670679,,,31.057523,-97.298298
way/1502711381,,,29.47022,-98.698835
