name,source,lat,lon,tract_geoid,county_fips
xAI Colossus 1,curated,35.06008,-90.15219,47157980300,47157
Stargate Site 1 (Crusoe / Lancium Clean Campus),curated,32.383,-99.662,48441013404,48441
Meta Hyperion,curated,32.4665,-91.6537,22083970300,22083
Project Blue (Beale Infrastructure),curated,32.04857,-110.77386,04019004109,04019
Prince William Digital Gateway (terminated),curated,38.8305,-77.5595,51153901503,51153
Meta Newton Data Center (Stanton Springs),curated,33.5985,-83.8075,13217100202,13217
Google The Dalles,curated,45.60923,-121.1959,41065970400,41065
AWS Project Rainier,curated,41.686,-86.475,18141010800,18141
AWS Susquehanna Campus (nuclear co-located),curated,41.089,-76.148,42079216100,42079
Google Council Bluffs,curated,41.21956,-95.86058,19155031900,19155
Diode Ventures — Harper Road,validation,38.71455,-94.46112,29037061002,29037
Provident Realty DC,validation,41.61072,-87.05227,18127050203,18127
Roundhouse Digital,validation,45.66951,-121.8904,41027950100,41027
DC Blox Richmond,validation,37.53851,-77.43428,51760030502,51760
Culpeper Acquisitions DC,validation,38.47338,-77.99613,51047930204,51047
Amazon Warrenton,validation,38.71355,-77.79537,51061930305,51061
PW Digital Gateway,validation,38.79274,-77.6292,51153901508,51153
Meta Beaver Dam,validation,43.45777,-88.83733,55027961000,55027
Vantage Port Washington,validation,43.38855,-87.86928,55089630100,55089
Meta Ida County,validation,42.34498,-95.47136,19093090300,19093
Stokes County DC,validation,36.29541,-80.14171,37169070702,37169
DTE Saline Township,validation,42.16671,-83.78161,26161423400,26161
xAI Colossus,validation,35.14603,-90.05178,47157004200,47157
Boulder City DC,validation,35.97876,-114.83376,32003005503,32003
Apex DC,validation,35.73254,-78.85055,37183053429,37183
Project Hutto,validation,30.54276,-97.54689,48491020820,48491
Project Hazelnut,validation,40.9549,-75.97696,42079217500,42079
Project Taurus,validation,38.83396,-104.82535,08041002300,08041
Stratos,validation,41.51104,-112.0155,49003960601,49003
Clearbrook DC,validation,39.18522,-78.16524,51840000201,51840
San Marcos Campus,validation,29.88264,-97.94058,48209010100,48209
New Brunswick DC,validation,40.49361,-74.44364,34023009300,34023
Project Sail,validation,33.38067,-84.79966,13077170308,13077
San Antonio DCs,validation,29.4246,-98.49514,48029110100,48029
Project Jupiter,validation,31.87003,-106.68658,35013001701,35013
Imperial Valley DC,validation,32.792,-115.56305,06025011600,06025
Project Blue,validation,32.22288,-110.97485,04019000100,04019
Rock Creek East,validation,32.75318,-97.33275,48439123302,48439
St. Albans Township DC,validation,40.08117,-82.80879,39049007211,39049
Tract Goodyear,validation,33.46723,-112.38535,04013061054,04013
Google Council Bluffs,validation,41.25884,-95.85195,19155030900,19155
Meta Prineville,validation,44.30349,-120.84639,41013950302,41013
Apple Maiden,validation,35.5766,-81.21392,37035011602,37035
Meta Forest City,validation,35.33373,-81.86492,37161960800,37161
Google Lenoir,validation,35.914,-81.539,37027030100,37027
Microsoft Boydton,validation,36.66731,-78.3882,51117930600,51117
Meta Altoona,validation,41.64373,-93.4696,19153010708,19153
Google Pryor,validation,36.30843,-95.31691,40097040100,40097
Meta Los Lunas,validation,34.81421,-106.76131,35061970404,35061
Google Moncks Corner,validation,33.196,-80.01314,45015020504,45015
Microsoft Cheyenne,validation,41.13998,-104.82025,56021001000,56021
Meta Papillion,validation,41.15444,-96.04224,31153010619,31153
Meta Eagle Mountain,validation,40.30935,-112.01198,49049010114,49049
Microsoft Mount Pleasant,validation,42.71916,-87.85434,55101001706,55101
Microsoft West Des Moines,validation,41.56445,-93.75941,19153011027,19153
Meta Sandston (Henrico),validation,37.51072,-77.31156,51087980100,51087
"Union Pacific Jack Koraleski Technology, Research & Development Center",osm,41.317986,-96.050348,31055007319,31055
Centersquare Elk Grove Village Data Center Campus ORD2,osm,41.992088,-87.958014,17043840000,17043
Cyxtera (Digital Realty Trust) Citibank Data Center,osm,40.76078,-74.025742,34017017900,34017
HCA Information Technology & Services Data Center,osm,36.032635,-86.637717,47037015630,47037
George C. Wallace Alabama Supercomputer Center,osm,34.73654,-86.673102,01089001403,01089
Flexential - Denver - Centennial Data Center,osm,39.593873,-104.84316,08005006864,08005
Northwest Data Center and Communications Hub,osm,37.433413,-122.180708,06085511608,06085
Flexential Atlanta - Alpharetta Data Center,osm,34.086987,-84.251824,13121011652,13121
Verizon Hillsboro (Tanasbourne) Data Center,osm,45.544618,-122.882338,41067031617,41067
Ministry of Government Services Data Centre,osm,43.484099,-80.194152,,
Flexential Portland - Hillsboro 4 Expansion,osm,45.555391,-122.941087,41067032603,41067
Brandaleone Lab for Data and Visualization,osm,36.003099,-78.938532,37063001501,37063
DataBank Dallas Empire Central Data Center,osm,32.82175,-96.873553,48113010003,48113
DC BLOX Myrtle Beach Cable Landing Station,osm,33.674607,-78.943885,45051051000,45051
"OVHcloud, Centre de données de Beauharnois",osm,45.308454,-73.893879,,
Center for Computation & Technology (CCT),osm,30.407446,-91.172545,22033002802,22033
Data Center Hawk - Hyperscale Data Center,osm,45.412619,-74.050506,,
Flexential Salt Lake City - South Valley,osm,40.620352,-111.986047,49035980100,49035
165 Halsey / Equinix NY1 / Databank EWR1,osm,40.73673,-74.173888,34013008100,34013
Virginia Information Technologies Agency,osm,37.360703,-77.331806,51041100403,51041
PSE&G Delivery Emergency Response Center,osm,40.579896,-74.519402,34035050902,34035
Agricultural and Biological Engineering,osm,40.421854,-86.916545,18157005500,18157
Centersquare Chicago Data Center - ORD1,osm,41.853383,-87.618607,17031330101,17031
Spectrum Charlotte National Data Center,osm,35.142808,-80.916223,37119003809,37119
Modesto Junior College West Data Center,osm,37.665145,-121.040033,06099000602,06099
Applied Digital / Ellendale Data Center,osm,46.013722,-98.572551,38021973300,38021
Switch Tahoe Reno - The Citadel Campus,osm,39.514096,-119.479592,32029970200,32029
TierPoint Sioux Falls West Data Center,osm,43.606971,-96.809195,46099010405,46099
Digital Realty Northern Virginia IAD14,osm,39.003336,-77.487094,51107611020,51107
Digital Realty Northern Virginia IAD12,osm,39.002023,-77.483347,51107611020,51107
Digital Realty Northern Virginia IAD24,osm,39.004319,-77.484415,51107611020,51107
Cable & Wireless Cable Landing Station,osm,40.843652,-72.883376,36103159407,36103
Amazon Web Services Datacenter Complex,osm,39.026331,-77.451632,51107611018,51107
Amazon Web Services Datacenter Complex,osm,40.093745,-82.751832,39089755601,39089
QTS Irving - Dallas Data Center Campus,osm,32.897248,-96.982647,48113014159,48113
Digital Realty Northern Virginia IAD36,osm,39.001549,-77.479375,51107611020,51107
Digital Realty Northern Virginia IAD35,osm,39.000533,-77.480577,51107611020,51107
Digital Realty Northern Virginia IAD37,osm,39.000032,-77.478015,51107611020,51107
Digital Realty Northern Virginia IAD38,osm,39.001084,-77.477201,51107611020,51107
U.S. Bank National Data Process Center,osm,38.935585,-94.864505,20091052804,20091
Digital Realty Northern Virginia IAD40,osm,39.006479,-77.467385,51107611020,51107
Digital Realty Northern Virginia IAD39,osm,39.007614,-77.46763,51107611020,51107
Choctaw Nation of Oklahoma Data Center,osm,33.971685,-96.402849,40013796400,40013
Flexential Philadelphia - Collegeville,osm,40.152237,-75.477618,42091206104,42091
Digital Realty Northern Virginia IAD44,osm,38.960854,-77.491398,51107980100,51107
Cyxtera Dallas-Fort Worth Data Center,osm,32.832716,-97.041024,48439106518,48439
Greenidge Power Plant and Data Center,osm,42.679359,-76.948581,36123150102,36123
Centersquare: Phoenix - (PHX1 - Mesa),osm,33.421254,-111.859019,04013421303,04013
Flexential Salt Lake City - Millcreek,osm,40.685569,-111.885051,49035111906,49035
Flexential Salt Lake City - Fair Park,osm,40.766796,-111.920295,49035102600,49035
Amazon New Albany: Jug and Beach Road,osm,40.099077,-82.751505,39089755601,39089
Centersquare Ashburn IAD4 Data Center,osm,39.021997,-77.4532,51107611006,51107
Google Data Center The Dalles Oregon,osm,45.632015,-121.201202,41065970500,41065
Flexential Salt Lake City - Downtown,osm,40.756307,-111.954837,49035114500,49035
Sabey Intergate.Ashburn (Building A),osm,39.0145,-77.479987,51107611019,51107
Aligned Data Center - Chicago ORD-01,osm,41.914003,-87.917516,17031811800,17031
Aligned Data Center - Chicago ORD-02,osm,41.912963,-87.91759,17031811800,17031
Flexential Dallas - Downtown Dallas,osm,32.80041,-96.819371,48113010001,48113
Digital Realty Silicon Valley SJC34,osm,37.372408,-121.973647,06085505202,06085
Cologix Santa Clara SV1 Data Center,osm,37.365402,-121.961673,06085505202,06085
Digital Realty Silicon Valley SJC10,osm,37.375822,-121.953336,06085505202,06085
Digital Realty Silicon Valley SJC30,osm,37.378287,-121.958111,06085505202,06085
Digital Realty Silicon Valley SJC15,osm,37.374997,-121.954077,06085505202,06085
Digital Realty Silicon Valley SJC16,osm,37.374932,-121.955999,06085505202,06085
Digital Realty Silicon Valley SJC29,osm,37.375023,-121.958096,06085505202,06085
Digital Realty Silicon Valley SJC11,osm,37.376367,-121.948565,06085505202,06085
Iron Mountain Data & Record Storage,osm,41.848705,-87.645458,17031840200,17031
CoreSite AT2 - Marietta Data Center,osm,33.925514,-84.481634,13067030405,13067
Maxxam Analytics International Inc.,osm,43.60568,-79.741216,,
Centersquare Lisle ORD4 Data Center,osm,41.802341,-88.094886,17043846102,17043
T-Mobile Everglades MSO Data Center,osm,26.184994,-80.286877,12011060113,12011
Flexential Atlanta - Douglasville 1,osm,33.731057,-84.616081,13097080105,13097
Flexential Nashville - Cool Springs,osm,35.951045,-86.833406,47187050307,47187
Flexential Atlanta - Douglasville 2,osm,33.730703,-84.61124,13097080105,13097
Digital Realty Silicon Valley SJC37,osm,37.370919,-121.947217,06085505202,06085
CoreSite Chicago Data Center (CH1),osm,41.87594,-87.631466,17031839100,17031
Flexential Salt Lake City - Lindon,osm,40.332648,-111.727875,49049000601,49049
NCAR-Wyoming Supercomputing Center,osm,41.128747,-104.897431,56021001902,56021
Digital Realty San Francisco SFO10,osm,37.723627,-122.397954,06075023300,06075
Google Datacenter - Douglas County,osm,33.750447,-84.585682,13097080105,13097
Information Technology Data Center,osm,42.982089,-70.950595,33015106200,33015
Google Berkeley County Data Center,osm,33.064008,-80.042374,45015020707,45015
Credit Suisse: Clifton Data Center,osm,40.83345,-74.140219,34031124402,34031
CoreSite Chicago Data Center (CH2),osm,41.862797,-87.641301,17031841900,17031
NTT Silicon Valley SV1 Data Center,osm,37.369053,-121.955338,06085505202,06085
Equinix Chicago Data Center - CH1,osm,41.853558,-87.618048,17031330101,17031
NCSA Petascale Computing Facility,osm,40.095259,-88.242031,17019001400,17019
Verizon Wireline Network Building,osm,40.494903,-74.443095,34023009300,34023
Intergate Seattle East Building 2,osm,47.495031,-122.29057,53033027200,53033
Intergate Seattle East Building 1,osm,47.49486,-122.288194,53033027200,53033
Intergate Seattle East Building 5,osm,47.491986,-122.289665,53033027200,53033
Intergate Seattle East Building 3,osm,47.49348,-122.290465,53033027200,53033
Intergate Seattle East Building 4,osm,47.493403,-122.28888,53033027200,53033
Flexential Portland - Hillsboro 1,osm,45.549825,-122.890845,41067031617,41067
Flexential Portland - Hillsboro 1,osm,45.550371,-122.892151,41067031617,41067
Intergate Seattle West Building C,osm,47.494123,-122.294397,53033027100,53033
Intergate Seattle West Building B,osm,47.493074,-122.293684,53033027100,53033
Intergate Seattle West Building A,osm,47.492183,-122.293318,53033027100,53033
Digital Realty Silicon Valley SC1,osm,37.361647,-121.943978,06085505202,06085
Data Foundry Austin 1 Data Center,osm,30.215504,-97.696074,48453002448,48453
Flexential Portland - Hillsboro 2,osm,45.558302,-122.917165,41067032612,41067
Google Jackson County Data Center,osm,34.914665,-85.748372,01071950200,01071
Digital Realty IAD41 (Building P),osm,39.008806,-77.458236,51107611020,51107
TierPoint - Charlotte Data Center,osm,35.173195,-80.928121,37119005928,37119
Norma Beach Cable Landing Station,osm,47.864693,-122.284153,53061042004,53061
Flexential Portland - Hillsboro 4,osm,45.555313,-122.940132,41067032603,41067
Flexential Portland - Hillsboro 3,osm,45.55948,-122.938201,41067032603,41067
Flexential Portland - Hillsboro 5,osm,45.556341,-122.939407,41067032603,41067
CyrusOne Cincinnati-Hamilton CIN4,osm,39.385272,-84.566284,39017000300,39017
All About Serving Process Server,osm,33.319916,-111.809686,04013811400,04013
Centre de données d'Hydro-Québec,osm,45.883905,-72.527888,,
Iron Mountain Data Centers AZS-1,osm,33.644666,-111.896098,04013216845,04013
Flexential Nashville - Brentwood,osm,35.972729,-86.808495,47187050306,47187
STACK NVA01A - Northern Virginia,osm,39.004693,-77.44174,51107611020,51107
Flexential Phoenix - Deer Valley,osm,33.684677,-112.09834,04013614700,04013
Flexential Allentown data center,osm,40.635695,-75.457573,42077005902,42077
Digital Realty PDX10 Data Center,osm,45.547607,-122.891952,41067031617,41067
Flexential Louisville - Downtown,osm,38.242501,-85.733336,21111006300,21111
Amazon AWS: Hilliard Data Center,osm,40.059866,-83.134284,39049007922,39049
Lumen Dallas - 3180 Irving Blvd.,osm,32.806955,-96.868589,48113010003,48113
Digital Realty PDX11 Data Center,osm,45.567954,-122.916772,41067032700,41067
Verizon Wireless NE Headquarters,osm,40.555609,-74.70552,34035053602,34035
Meta Stanton Springs Data Center,osm,33.600468,-83.700358,13217100202,13217
COPT Innovation Park Data Center,osm,38.743886,-77.530625,51153901409,51153
Digital Realty PDX11 Data Center,osm,45.56851,-122.919898,41067032700,41067
East Kentucky Network Datacenter,osm,37.600186,-82.678769,21071920301,21071
"Alembic Computer Services, Inc.",osm,33.405131,-111.977335,04013319709,04013
Flexential Minneapolis - Chaska,osm,44.851612,-93.598896,27019090802,27019
Black Rock Financial Management,osm,39.295481,-94.678011,29165030201,29165
First National Technical Center,osm,41.261422,-95.936498,31055001600,31055
Digital Realty New Jersey EWR10,osm,40.761818,-74.025028,34017017900,34017
CyrusOne Austin Data Center III,osm,30.207006,-97.701132,48453002448,48453
Digital Realty New Jersey EWR20,osm,40.829928,-74.12675,34031124402,34031
Digital Realty New Jersey EWR21,osm,40.830586,-74.124514,34031124402,34031
Siemens EDA - HDC / Data Center,osm,45.318717,-122.76588,41005024402,41005
Vantage Data Centers Montreal I,osm,45.486669,-73.756131,,
Tennessee Processing Center LLC,osm,36.215644,-86.784001,47037012701,47037
Flexential Nashville - Franklin,osm,35.92042,-86.81554,47187051001,47187
Searcy Information Technologies,osm,35.249216,-91.740906,05145070402,05145
Meta Eagle Mountain Data Center,osm,40.268588,-112.015101,49049010115,49049
Meta Eagle Mountain Data Center,osm,40.265564,-112.01513,49049010115,49049
Meta Eagle Mountain Data Center,osm,40.272331,-112.015058,49049010115,49049
Flexential Las Vegas - Downtown,osm,36.168644,-115.143145,32003000700,32003
CyrusOne Cincinnati-Mason CIN3,osm,39.303894,-84.311613,39165032008,39165
Amazon Web Services Building C,osm,39.002752,-77.485449,51107611020,51107
CyrusOne Austin Data Center II,osm,30.205921,-97.697951,48453002448,48453
Facebook Altoona Data Center 1,osm,41.664248,-93.514758,19153010601,19153
Facebook Altoona Data Center 2,osm,41.665512,-93.508209,19153010601,19153
Facebook Fort Worth Datacenter,osm,32.983783,-97.259335,48439113941,48439
Flexential Dallas - Richardson,osm,32.994812,-96.752497,48085031813,48085
Facebook Altoona Data Center 3,osm,41.667052,-93.506565,19153010601,19153
Facebook Fort Worth Datacenter,osm,32.98492,-97.255045,48439113941,48439
Google Taylor Lake Data Center,osm,45.638514,-121.202063,41065970600,41065
Facebook Altoona Data Center 4,osm,41.667743,-93.516407,19153010601,19153
Facebook Fort Worth Datacenter,osm,32.988316,-97.255111,48439113941,48439
Facebook Altoona Data Center 5,osm,41.671187,-93.516594,19153010601,19153
Marquette-Adams Telephone Coop,osm,43.782176,-89.574841,55077960500,55077
DBT Data - Harrisonburg Center,osm,38.462603,-78.856725,51660000402,51660
Encompass Minneapolis Facility,osm,45.132157,-93.095616,27003050236,27003
The Pittock Internet Exchange,osm,45.521425,-122.680562,41051010601,41051
Digital Realty New York JFK13,osm,40.719928,-74.004458,36061003300,36061
Digital Realty New York JFK12,osm,40.717677,-74.008441,36061003300,36061
Digital Fortress - Portland 1,osm,45.521257,-122.681754,41051010601,41051
Digital Fortress - Portland 2,osm,45.476214,-122.776087,41067030401,41067
NTT RagingWire DC - Hillsboro,osm,45.54968,-122.937387,41067032608,41067
Minnesota Gateway Data Center,osm,44.971288,-93.254697,27053126102,27053
Verizon - Bloomington Network,osm,44.807108,-93.375382,27053025907,27053
Digital Realty New York HVN10,osm,41.240731,-73.147267,09001090500,09001
Iron Mountain Records Storage,osm,33.42038,-112.041326,04013117200,04013
Equinix New York Secaucus NY5,osm,40.778585,-74.072324,34017019900,34017
Equinix New York Secaucus NY4,osm,40.776428,-74.069776,34017019900,34017
Equinix New York Secaucus NY2,osm,40.777291,-74.07594,34017019900,34017
Centersquare NYC3 Data Center,osm,40.786164,-74.069164,34017019900,34017
Digital Realty New York EWR12,osm,40.552928,-74.459204,34023000603,34023
Digital Realty New York EWR11,osm,40.553793,-74.457102,34023000603,34023
Prime SANTA CLARA DATA CENTER,osm,37.375029,-121.954877,06085505202,06085
Flexential Denver - Englewood,osm,39.558994,-104.837556,08035014014,08035
Flexential Atlanta - Norcross,osm,33.95474,-84.198525,13135050324,13135
Experian McKinney Data Center,osm,33.171796,-96.725505,48085030517,48085
Microsoft Boydton Data Center,osm,36.68592,-78.37641,51117930600,51117
Stonewall Creek Business Park,osm,39.051467,-77.539438,51107611004,51107
Google Montgomery Data Center,osm,36.628255,-87.260102,47125102010,47125
QTS Data Center - Hillsboro 1,osm,45.558815,-122.927766,41067032603,41067
Sungard Systems International,osm,33.404776,-86.911565,01073014303,01073
QTS Data Center - Hillsboro 2,osm,45.558799,-122.929774,41067032603,41067
QTS Data Center - Hillsboro 2,osm,45.558784,-122.931814,41067032603,41067
QTS Data Center - Hillsboro 2,osm,45.558807,-122.935154,41067032603,41067
QTS Data Center - Hillsboro 2,osm,45.558796,-122.933002,41067032603,41067
Verizon Wireless Mew Building,osm,32.972041,-97.156714,48439113955,48439
NTT RagingWire DC - Hillsboro,osm,45.548079,-122.937787,41067032608,41067
QTS Data Center - Hillsboro 3,osm,45.571925,-122.918438,41067032700,41067
QTS Data Center - Hillsboro 3,osm,45.570191,-122.919833,41067032700,41067
Flexential Denver - Downtown,osm,39.74597,-104.994159,08031001707,08031
Flexential - Denver - Aurora,osm,39.661049,-104.848832,08005080400,08005
Open Data Centers Piscataway,osm,40.55035,-74.456856,34023000603,34023
"Forescout Technologies, Inc.",osm,37.322868,-121.947418,06085506401,06085
Digital Realty Toronto YYZ10,osm,43.838316,-79.323474,,
Digital Realty Toronto YYZ11,osm,43.778949,-79.540643,,
360 Spear Street Data Center,osm,37.788992,-122.390137,06075061505,06075
Flexential Charlotte - South,osm,35.135415,-80.936831,37119005915,37119
Intergate Quincy Data Center,osm,47.245367,-119.81609,53025010500,53025
Digital Realty Phoenix PHX15,osm,33.274923,-111.886638,04013812200,04013
Stack Infrastructure - POR02,osm,45.547376,-122.897387,41067031617,41067
Flexential Louisville - East,osm,38.277191,-85.50724,21111010406,21111
Hurricane Electric Fremont 1,osm,37.489885,-121.931024,06001441525,06001
Hurricane Electric Fremont 2,osm,37.471834,-121.920291,06001441503,06001
Walmart Colorado Data Center,osm,38.985733,-104.787263,08041007502,08041
Digital Realty Chicago ORD12,osm,41.928356,-87.859255,17031811302,17031
UF Research Computing Center,osm,29.672591,-82.299929,12001000400,12001
Apollo Cable Landing Station,osm,40.157044,-74.101582,34025808702,34025
TierPoint Dallas Data Center,osm,32.807982,-96.857389,48113010003,48113
Stack Infrastructure - POR01,osm,45.549327,-122.927818,41067032608,41067
Microsoft - Azure Datacenter,osm,41.922956,-87.918263,17031811702,17031
Ascent - Atlanta Data Center,osm,34.057092,-84.273003,13121011618,13121
Flexential Las Vegas - North,osm,36.248163,-115.101255,32003003626,32003
Stack Infrastructure - POR03,osm,45.554132,-122.937907,41067032603,41067
Digital Realty Atlanta ATL11,osm,33.746561,-84.579738,13097080105,13097
EdgeConneX PHX02 Data Center,osm,33.352009,-111.647529,04013422655,04013
CyrusOne OCB1 Council Bluffs,osm,41.212197,-95.878,19155031400,19155
Stack Infrastructure - POR03,osm,45.554152,-122.939406,41067032603,41067
Stack Infrastructure - POR03,osm,45.554194,-122.940926,41067032603,41067
Stack Infrastructure - POR03,osm,45.552898,-122.93798,41067032603,41067
Flexential Charlotte - North,osm,35.329773,-80.765759,37119005533,37119
State of Montana Data Center,osm,46.406885,-105.820697,30017961600,30017
Amazon AWS SAT - 12807 Donop,osm,29.29301,-98.391599,48029141700,48029
Stream Data Centers Houston,osm,30.178137,-95.486046,48339691201,48339
DataPro USA Web Development,osm,33.611662,-111.913983,04013216816,04013
NTT Ashburn VA7 Data Center,osm,39.016014,-77.471954,51107611019,51107
Lumen Madison 1 Data Center,osm,43.067716,-89.392279,55025001605,55025
Pearl Plaza Office Building,osm,39.74523,-104.979332,08031002602,08031
Insurance Exchange Building,osm,39.745572,-104.995691,08031001707,08031
CyrusOne Cincinnati-Lebanon,osm,39.38897,-84.221853,39165032100,39165
H5 Data Centers San Antonio,osm,29.429371,-98.486906,48029110100,48029
CyrusOne Chicago Aurora CME,osm,41.796608,-88.243823,17043846409,17043
Xfinity/Comcast Data Center,osm,39.588324,-104.832418,08005006864,08005
Evocative Santa Clara SJC11,osm,37.389536,-121.96194,06085505010,06085
NTT Ashburn VA1 Data Center,osm,39.022744,-77.454891,51107611006,51107
Digital Realty Austin AUS11,osm,30.212156,-97.695756,48453002448,48453
Digital Realty Dallas DFW17,osm,32.96628,-96.713212,48113019053,48113
Digital Realty Dallas DFW29,osm,32.967276,-96.710529,48113019053,48113
Digital Realty Dallas DFW28,osm,32.967282,-96.713322,48113019053,48113
Digital Realty Dallas DFW35,osm,32.96505,-96.710255,48113019053,48113
Digital Realty Dallas DFW18,osm,32.965258,-96.712611,48113019053,48113
Digital Realty Dallas DFW16,osm,32.966043,-96.715592,48113019053,48113
NTT Ashburn VA2 Data Center,osm,39.025013,-77.45764,51107611006,51107
NTT Ashburn VA3 Data Center,osm,39.017225,-77.470372,51107611019,51107
NTT Ashburn VA5 Data Center,osm,39.018303,-77.472611,51107611019,51107
NTT Ashburn VA4 Data Center,osm,39.019868,-77.472592,51107611019,51107
Meta Huntsville Data center,osm,34.847324,-86.626919,01089010704,01089
Meta Huntsville Data center,osm,34.843482,-86.628856,01089010704,01089
Meta Huntsville Data center,osm,34.840441,-86.628825,01089010704,01089
NTT Ashburn VA8 Data Centre,osm,39.020189,-77.475509,51107611019,51107
fifteenfortyseven CSR ORNY1,osm,41.034493,-73.975786,36087012800,36087
MineOne Wyoming Data Center,osm,41.12499,-104.894849,56021001902,56021
Centro de datos Equinix MO1,osm,25.766694,-100.193329,,
Centro de datos Equinix MO2,osm,25.724135,-100.132711,,
Meta Huntsville Data Center,osm,34.844257,-86.628022,01089010704,01089
San Jose Colocation Center,osm,37.334118,-121.891646,06085500800,06085
Profit Finder Pro Software,osm,33.627248,-111.902048,04013216816,04013
DāStor: 3400 Horizon Drive,osm,40.087919,-75.33972,42091205906,42091
CoreSite Reston Campus VA1,osm,38.950606,-77.36455,51059481202,51059
Lincoln Rackhouse Maryland,osm,39.058608,-76.964467,24031701425,24031
Aligned Energy Data Center,osm,33.659055,-112.111159,04013616500,04013
Digital Realty Data Center,osm,33.34462,-111.899219,04013319909,04013
Digital Realty Data Center,osm,33.657009,-84.41522,13121010801,13121
Terminal Commerce Building,osm,39.959812,-75.160833,42101037600,42101
Geneseo Communications Inc,osm,41.550269,-90.482409,19163013702,19163
QTS Piscataway Data Center,osm,40.556943,-74.483917,34023000603,34023
"CyrusOne NVA1, NVA2 & NVA3",osm,39.025902,-77.41447,51107611501,51107
BT Radianz: 492 River Road,osm,40.821454,-74.134187,34013013600,34013
Expedient Pittsburgh South,osm,40.427371,-80.042521,42003469000,42003
Digital Fortress: Richmond,osm,37.360061,-77.327038,51041100403,51041
Amazon Web Services  CMH50,osm,40.09463,-82.751339,39089755601,39089
Meta Los Lunas Data Center,osm,34.829831,-106.77852,35061980300,35061
DataBank Plano Data Center,osm,33.087741,-96.815218,48085031657,48085
Flexential Fort Lauderdale,osm,26.190086,-80.193297,12011050208,12011
Amazon Web Services IAD117,osm,39.023698,-77.419095,51107611502,51107
Amazon Web Services IAD116,osm,39.024346,-77.420439,51107611502,51107
Charles Schwab Data Center,osm,33.004512,-97.246141,48121020312,48121
Amazon Web Services  CMH53,osm,40.093616,-82.751455,39089755601,39089
Amazon Web Services  CMH59,osm,40.094046,-82.747491,39089755601,39089
CoreSite Reston Campus VA2,osm,38.951455,-77.363999,51059481202,51059
Apple - Maiden Data Center,osm,35.588765,-81.26231,37035011702,37035
NocRoom Miami IT Services,osm,25.791545,-80.317748,12086009102,12086
NocRoom Miami IT Services,osm,25.646562,-80.423435,12086980200,12086
Windstream Communications,osm,35.881397,-78.851552,37063002037,37063
Data Holdings Data Center,osm,43.043941,-87.953979,55079013600,55079
Chick-fil-A Hiring Center,osm,42.627942,-82.988394,26099227300,26099
Amazon Web Services IAD69,osm,39.025485,-77.4147,51107611501,51107
Hive Digital Technologies,osm,45.636864,-74.287993,,
Date Center West - Eugene,osm,44.050607,-123.092978,41039003900,41039
L3Harris Technologies Inc,osm,33.305337,-111.67169,04013522802,04013
Merrill Lynch Data Center,osm,40.60738,-74.173167,36085029105,36085
32 Avenue of the Americas,osm,40.719994,-74.004568,36061003300,36061
QTS Atlanta Data Center 1,osm,33.77769,-84.421154,13121000700,13121
Digital Realty Building A,osm,39.002741,-77.481957,51107611020,51107
Baltimore Technology Park,osm,39.275367,-76.62551,24510210100,24510
QTS Suwanee Data Center 1,osm,34.035396,-84.061106,13135050224,13135
QTS Suwanee Data Center 2,osm,34.037062,-84.057696,13135050224,13135
Centersquare Lynnwood SE1,osm,47.841809,-122.301665,53061051601,53061
Stream Data Centers PHX-1,osm,33.419491,-112.359988,04013061058,04013
TPx Colocation Datacenter,osm,33.707507,-117.844104,06059075516,06059
Cologix Jacksonville JAX1,osm,30.33143,-81.662426,12031017200,12031
Digital Fortress Lynnwood,osm,47.822404,-122.289614,53061051702,53061
Rackspace Richardson DFW3,osm,32.964781,-96.715855,48113019053,48113
Flexential Dallas - Plano,osm,33.007033,-96.666351,48085031901,48085
Centersquare Atlanta ATL1,osm,33.744222,-84.581212,13097080105,13097
Johns Hopkins Data Center,osm,39.293559,-76.551731,24510260404,24510
Date Center West - Eugene,osm,42.33246,-122.880426,41029000201,41029
QTS Ashburn-Shellhorn DC1,osm,38.998078,-77.475471,51107611020,51107
QTS Atlanta Data Center 2,osm,33.777601,-84.419446,13121000700,13121
Amazon Web Services CMH56,osm,40.096534,-82.752051,39089755601,39089
QTS Ashburn-Shellhorn DC2,osm,38.99871,-77.474326,51107611020,51107
Amazon Web Services CMH62,osm,40.092986,-82.747628,39089755601,39089
Meta Gallatin Data Center,osm,36.411893,-86.369653,47165020602,47165
Meta Gallatin Data Center,osm,36.411378,-86.366004,47165020602,47165
Meta Gallatin Data Center,osm,36.406064,-86.366628,47165020602,47165
DataBank Santa Clara SFO1,osm,37.407303,-121.96598,06085505010,06085
Vantage Data Centers TX22,osm,29.479085,-98.697701,48029171912,48029
Digital West Data Center,osm,35.255316,-120.641513,06079011505,06079
Frontier (supercomputer),osm,35.929513,-84.310567,47145980100,47145
DataBank Pittsburgh PIT2,osm,40.45137,-80.190166,42003453004,42003
DataBank Piscataway EWR2,osm,40.549214,-74.45821,34023000603,34023
Equinix Chicago Data CH7,osm,41.812563,-87.97285,17043844702,17043
EdgeConneX Detroit DET01,osm,42.447669,-83.262634,26125161800,26125
Microsoft CYS Datacenter,osm,41.122588,-104.903517,56021001902,56021
CITIGROUP TECHNOLOGY INC,osm,33.006382,-97.24529,48121020312,48121
Texas Cryptologic Center,osm,29.447379,-98.640716,48029171926,48029
CyrusOne San Antonio III,osm,29.470057,-98.672106,48029171928,48029
CoreSite Secaucus Campus,osm,40.784284,-74.065243,34017019900,34017
Oregon State Data Center,osm,44.926566,-123.001847,41047001000,41047
Meta Henrico Data Center,osm,37.483913,-77.23733,51087201404,51087
Blockfusion Niagra Falls,osm,43.083492,-79.00294,36063022000,36063
Blockfusion Niagra Falls,osm,43.083031,-79.003982,36063022000,36063
Meta Henrico Data Center,osm,37.481953,-77.233711,51087201404,51087
Flexential Tampa - North,osm,28.07387,-82.368362,12057011017,12057
Meta Henrico Data Center,osm,37.477856,-77.226482,51087201404,51087
Blockfusion Niagra Falls,osm,43.082029,-79.003417,36063022000,36063
Blockfusion Niagra Falls,osm,43.082178,-79.003509,36063022000,36063
xAI Macrohard Colossus 2,osm,34.997983,-90.034867,47157022700,47157
Centro de datos KIO MTY1,osm,25.649224,-100.358559,,
Centro de datos KIO HER1,osm,29.085522,-110.96072,,
Open Computing Facility,osm,37.869852,-122.259823,06001982100,06001
AiNET One Market Center,osm,39.291758,-76.620374,24510040100,24510
Flexential Jacksonville,osm,30.245748,-81.581723,12031015926,12031
Flexential Tampa - West,osm,28.037299,-82.539978,12057011611,12057
Equinix Santa Clara SV2,osm,37.37847,-121.954984,06085505202,06085
Equinix NY7 Data Center,osm,40.796863,-74.03114,34017014600,34017
H5 Data Centers Ashburn,osm,39.013678,-77.451719,51107611006,51107
Equinix SE3 Data Center,osm,47.614423,-122.339743,53033007202,53033
CyrusOne San Antonio II,osm,29.470888,-98.673047,48029171928,48029
TierPoint Baltimore BWI,osm,39.213455,-76.682834,24003751200,24003
Epic / Mayo Data Center,osm,44.070796,-92.522132,27109001403,27109
Rackspace Somerset NYC1,osm,40.544527,-74.537788,34035053501,34035
DataBank Las Vegas LAS1,osm,36.059754,-115.147172,32003002847,32003
COPT Data Center Bldg 2,osm,38.744055,-77.529196,51153901409,51153
CyrusOne San Antonio IV,osm,29.47076,-98.670723,48029171928,48029
Verizon North Las Vegas,osm,36.221894,-115.147047,32003003642,32003
Vantage Santa Clara CA2,osm,37.364001,-121.94689,06085505202,06085
True North Data Centers,osm,39.043613,-77.537262,51107611028,51107
Microsoft Data Center 2,osm,38.799972,-77.583348,51153901504,51153
IONIC Digital Cedarvale,osm,31.513444,-103.448548,48475950100,48475
EdgeCore Silicon Valley,osm,37.383719,-121.965404,06085505010,06085
Microsoft Data Center 1,osm,38.80237,-77.582306,51153901504,51153
Pathway Communications,osm,43.857356,-79.356543,,
FirstLight Data Center,osm,43.657839,-70.261379,23005000300,23005
Crown Castle Baltimore,osm,39.287702,-76.606489,24510040100,24510
Netrality Data Centers,osm,39.100907,-94.581145,29095015702,29095
Expedient Owings Mills,osm,39.427318,-76.81155,24005404101,24005
EdgeConneX Data Center,osm,33.395586,-111.970076,04013319709,04013
Parsec Data Management,osm,45.743079,-108.603014,30111001704,30111
Netrality Data Centers,osm,38.629262,-90.197175,29510125600,29510
LexisNexus Springfield,osm,39.912797,-83.723664,39023002200,39023
RBC Guelph Data Centre,osm,43.496874,-80.208703,,
John F. Simms Building,osm,35.672458,-105.956592,35049001002,35049
Data Foundry - Texas 1,osm,30.198907,-97.713784,48453002448,48453
Time Warner Datacenter,osm,39.598961,-104.860378,08005006861,08005
Time Warner Datacenter,osm,39.599933,-104.86017,08005006861,08005
Tierpoint Dallas-Allen,osm,33.13791,-96.657329,48085031418,48085
CyrusOne San Antonio I,osm,29.46661,-98.688087,48029171912,48029
Data Foundry - Texas 2,osm,30.199574,-97.71307,48453002448,48453
State Farm Data Center,osm,38.940134,-94.867682,20091052804,20091
Myndshift Technologies,osm,33.475421,-111.719165,04013420206,04013
Middletown Data Center,osm,39.017678,-78.290942,51069050700,51069
Meta Sarpy Data center,osm,41.123529,-96.1442,31153010701,31153
Meta Sarpy Data center,osm,41.120551,-96.144532,31153010701,31153
Centro de datos Triara,osm,25.784208,-100.179576,,
Edgeconnex Data Center,osm,38.592299,-121.27744,06067009010,06067
Rackspace Belmont NYC2,osm,40.540843,-74.537492,34035053501,34035
Microsoft TRP3 (SAT46),osm,29.412977,-98.806374,48325000103,48325
TierPoint Valley Forge,osm,40.121881,-75.420878,42091206006,42091
Lightedge Des Moines 2,osm,41.666814,-93.455943,19153010703,19153
Amazon AWS Data Center,osm,41.69023,-86.468689,18141010800,18141
Carrier Services Group,osm,41.041059,-80.633078,39099811302,39099
Lightedge Des Moines 1,osm,41.667663,-93.455484,19153010703,19153
Meta Sarpy Data center,osm,41.123574,-96.132888,31153010702,31153
Meta Sarpy Data center,osm,41.11435,-96.142805,31153010701,31153
Meta Sarpy Data center,osm,41.112249,-96.141625,31153010701,31153
Amazon AWS Data Center,osm,41.667764,-86.473056,18141010800,18141
Ark Duluth Data Center,osm,46.827468,-92.130482,27137000400,27137
CyrusOne SAT10 & SAT11,osm,29.418221,-98.787837,48029172002,48029
Newrays Two LLC Mining,osm,36.327032,-88.320073,47079969300,47079
Dakota Carrier Network,osm,46.815102,-96.844314,38017040504,38017
Accelera Data Systems,osm,33.664746,-112.111714,04013616500,04013
Flexential Cincinnati,osm,39.315931,-84.449464,39017011123,39017
Colosseum Online Inc.,osm,43.779373,-79.489782,,
OVH US East Vint Hill,osm,38.74742,-77.674465,51061930401,51061
Flexential - Richmond,osm,37.64689,-77.438695,51087200904,51087
Databank Ashburn IAD1,osm,39.015488,-77.482156,51107611019,51107
Microsoft San Antonio,osm,29.479881,-98.692534,48029171912,48029
TierPoint Little Rock,osm,34.75624,-92.444723,05119004218,05119
Stream San Antonio II,osm,29.472003,-98.67172,48029171928,48029
AngelTrax Data Center,osm,31.231899,-85.455834,01069040205,01069
US Signal - OR01 Bend,osm,44.086105,-121.283041,41017001101,41017
Microsoft Data Center,osm,38.949518,-77.559445,51107611810,51107
Family History Center,osm,42.317274,-111.304246,16007950100,16007
EdgeConneX - Portland,osm,45.556621,-122.912213,41067032612,41067
Digital Loudoun Plaza,osm,39.004843,-77.485127,51107611020,51107
Digital Loudoun Plaza,osm,39.001629,-77.482362,51107611020,51107
QTS Ashburn Lockridge,osm,38.995307,-77.455264,51107611020,51107
QTS Ashburn Lockridge,osm,38.995181,-77.456819,51107611020,51107
DataBank Ashburn IAD3,osm,39.017904,-77.481819,51107611019,51107
Bloomberg Data Center,osm,41.036194,-73.987626,36087012800,36087
"Google Lockbourne, OH",osm,39.848452,-82.996393,39049009590,39049
8100 Boone Boulevard,osm,38.913724,-77.225882,51059460501,51059
STACK Infrastructure,osm,37.402745,-121.891051,06085504322,06085
Digital Realty ORD10,osm,41.853351,-87.618307,17031330101,17031
K-Motion Interactive,osm,33.634484,-111.884346,04013216860,04013
J-Curve Technologies,osm,33.413186,-111.971154,04013319710,04013
NTT VA11 Data Center,osm,38.799973,-77.609964,51153901507,51153
EdgeConneX San Diego,osm,32.842355,-117.169423,06073008511,06073
Strategic Datasphere,osm,34.094813,-84.235724,13121011652,13121
Digital Realty ORD11,osm,41.874304,-87.62994,17031839000,17031
Cherokee Data Center,osm,36.26255,-95.910041,40143005808,40143
Silicon Valley SJC31,osm,37.372221,-121.948262,06085505202,06085
Data Storage Centers,osm,33.421693,-112.034303,04013117200,04013
DataBank McLean IAD2,osm,38.919905,-77.213585,51059471201,51059
Equinix Ashburn DC11,osm,39.014891,-77.458799,51107611006,51107
Cyxtera Toronto YYZ1,osm,43.594507,-79.753128,,
Element Critical VA1,osm,38.908367,-77.219744,51059460503,51059
Element Critical CH2,osm,41.974227,-87.967176,17043840101,17043
Element Critical CH1,osm,41.975732,-87.964691,17043840101,17043
Equinix Ashburn DC10,osm,39.021005,-77.451489,51107611006,51107
Equinix San Jose SV3,osm,37.388274,-121.888446,06085504322,06085
Intergate Columbia B,osm,47.407164,-120.187524,53017950300,53017
Intergate Columbia A,osm,47.40862,-120.189398,53017950300,53017
Digital Realty DFW36,osm,32.82755,-96.87375,48113010003,48113
Live Oak Data Center,osm,32.783749,-96.794636,48113002100,48113
TJX Corporate Techno,osm,40.103889,-82.810615,39049007213,39049
Stack Infrastructure,osm,37.40256,-121.893391,06085504322,06085
Stack Infrastructure,osm,37.402209,-121.892387,06085504322,06085
Equinix Ashburn DC12,osm,39.023015,-77.449787,51107611018,51107
Mapletree Industrial,osm,34.096708,-84.237479,13121011652,13121
Digital Realty ACC10,osm,39.012656,-77.465604,51107611020,51107
Equinix Secaucus NY6,osm,40.777549,-74.072688,34017019900,34017
Equinix Ashburn DC21,osm,39.011806,-77.45451,51107611006,51107
42310 THUNDERBALL DR,osm,39.044103,-77.539711,51107611028,51107
SU Green Data Center,osm,43.012076,-76.115925,36067016100,36067
Cyxtera Toronto YYZ2,osm,43.838268,-79.316742,,
CyrusOne Sterling IX,osm,38.958326,-77.505728,51107611901,51107
Pewaukee Data Center,osm,43.051373,-88.216698,55133203307,55133
Digital Realty IAD42,osm,39.005689,-77.449464,51107611020,51107
Intergate Columbia D,osm,47.407585,-120.191579,53017950300,53017
Equinix Ashburn DC16,osm,39.024257,-77.452327,51107611018,51107
Gallatin Data Center,osm,36.408496,-86.37162,47165020602,47165
Cortex supercomputer,osm,30.215605,-97.618939,48453002216,48453
Involta Independence,osm,41.361071,-81.632781,39035156102,39035
Digital Realty IAD55,osm,38.992193,-77.433922,51107611020,51107
42311 THUNDERBALL DR,osm,39.04252,-77.53829,51107611028,51107
42255 THUNDERBALL DR,osm,39.041653,-77.539212,51107611028,51107
42254 THUNDERBALL DR,osm,39.043496,-77.54084,51107611028,51107
Aligned Data Centers,osm,33.006007,-96.657092,48085032016,48085
OVHcloud - Hillsboro,osm,45.534059,-122.955898,41067032608,41067
CyberNAP Glen Burnie,osm,39.14023,-76.60643,24003730404,24003
Vantage Data Centers,osm,46.795144,-71.305209,,
Southwest Cyberport,osm,35.103293,-106.589349,35001000401,35001
The Chatfield Group,osm,33.380601,-111.752889,04013422514,04013
Alliance Technology,osm,33.379986,-111.728405,04013422636,04013
Compass Datacenters,osm,45.423592,-73.913817,,
TierPoint Milwaukee,osm,43.009378,-87.961062,55079110100,55079
Expedient Tidepoint,osm,39.274655,-76.591671,24510240100,24510
USPO Terminal Annex,osm,34.058104,-118.235394,06037206020,06037
Layer42 Santa Clara,osm,37.378037,-121.954128,06085505202,06085
Centersquare IAD1-B,osm,39.023868,-77.415209,51107611502,51107
Centersquare IAD1-A,osm,39.023298,-77.413212,51107611502,51107
Centersquare IAD1-C,osm,39.024754,-77.412204,51107611501,51107
Urbacon Data Centre,osm,43.740701,-79.620904,,
Equinix Markham TR5,osm,43.846849,-79.333177,,
CoreSite Reston VA3,osm,38.948334,-77.37243,51059481202,51059
Barclays Datacenter,osm,40.547244,-74.459737,34023000603,34023
Markley Data Center,osm,42.630283,-71.304562,25017312100,25017
Dell 350 Holger Way,osm,37.418381,-121.943117,06085505015,06085
Equinix Ashburn DC2,osm,39.016389,-77.459069,51107611006,51107
Centersquare IAD2-A,osm,38.98442,-77.42381,51107611702,51107
Digital Realty ACC4,osm,39.017859,-77.462471,51107611006,51107
Equinix Ashburn DC1,osm,39.015558,-77.460328,51107611006,51107
Equinix Ashburn DC5,osm,39.015965,-77.461223,51107611006,51107
Equinix Ashburn DC3,osm,39.022015,-77.460235,51107611006,51107
Digital Realty ACC3,osm,39.01988,-77.459803,51107611006,51107
Digital Realty ACC5,osm,39.020158,-77.463103,51107611006,51107
Digital Realty ACC6,osm,39.021026,-77.463551,51107611006,51107
Centersquare IAD4-B,osm,39.022168,-77.453595,51107611006,51107
Lumen San Antonio 2,osm,29.438279,-98.506522,48029110600,48029
Equinix Chicago CH3,osm,42.001221,-87.9552,17031770500,17031
LightEdge Austin II,osm,30.200677,-97.707046,48453002448,48453
NAP of the Americas,osm,25.782389,-80.19308,12086003710,12086
Amazon Web Services,osm,39.028807,-77.458838,51107611018,51107
Amazon Web Services,osm,45.915836,-119.266323,41059950800,41059
Amazon Web Services,osm,45.915836,-119.266527,41059950800,41059
Amazon Web Services,osm,45.915832,-119.267512,41059950800,41059
Amazon Web Services,osm,45.841003,-119.652769,41049970102,41049
Amazon Web Services,osm,45.852239,-119.629901,41049970102,41049
Amazon Web Services,osm,45.850881,-119.630524,41049970102,41049
BNY Mellon Somerset,osm,40.535869,-74.553432,34035053501,34035
DC Blox Chattanooga,osm,35.03155,-85.297252,47065002000,47065
Compugen New Albany,osm,40.104599,-82.804912,39049007213,39049
Compugen New Albany,osm,40.103713,-82.808903,39049007213,39049
Amazon Web Services,osm,45.840444,-119.654979,41049970101,41049
Amazon Web Services,osm,45.917448,-119.267734,41059950800,41059
Switch Las Vegas 11,osm,36.055885,-115.214137,32003002981,32003
Amazon Web Services,osm,45.841373,-119.657932,41049970101,41049
Amazon Web Services,osm,45.839826,-119.653894,41049970102,41049
Digital Realty ACC7,osm,39.017472,-77.465675,51107611006,51107
Digital Realty ACC9,osm,39.015433,-77.467373,51107611020,51107
Expedient Milwaukee,osm,42.863142,-87.977876,55079187200,55079
Amazon Web Services,osm,38.779381,-77.541725,51153901409,51153
Amazon Web Services,osm,40.061152,-83.135173,39049007922,39049
Iron Mountain AZP-2,osm,33.452157,-111.977294,04013111203,04013
Amazon Web Services,osm,45.913882,-119.267651,41059950800,41059
Amazon Web Services,osm,45.841174,-119.655449,41049970101,41049
Amazon Web Services,osm,45.853786,-119.630036,41049970102,41049
Amazon Web Services,osm,45.846655,-119.603709,41049970102,41049
Amazon Web Services,osm,45.797809,-119.366616,41059951100,41059
T5 Charlotte Campus,osm,35.250425,-81.395039,37045950601,37045
Amazon Web Services,osm,40.102573,-83.199698,39049006240,39049
Amazon Web Services,osm,40.103587,-83.199764,39049006240,39049
Vantage Montreal II,osm,45.474637,-73.800069,,
Compass Data Center,osm,32.538767,-96.804459,48139060206,48139
STACK Chicago CHI01,osm,42.006856,-87.965177,17031770300,17031
Amazon Web Services,osm,40.060147,-83.134907,39049007922,39049
Amazon Web Services,osm,45.837924,-119.688354,41049970101,41049
Amazon Web Services,osm,45.83754,-119.693129,41049970101,41049
Amazon Web Services,osm,45.846655,-119.605645,41049970102,41049
Travelers Insurance,osm,41.127872,-96.145071,31153010629,31153
Amazon Web Services,osm,40.059325,-83.134606,39049007922,39049
Amazon Web Services,osm,40.058309,-83.134091,39049007922,39049
Amazon Web Services,osm,40.06078,-83.132753,39049007922,39049
Switch Las Vegas 10,osm,36.055586,-115.223061,32003002981,32003
Amazon Web Services,osm,38.946539,-77.522188,51107611812,51107
Amazon Web Services,osm,38.780152,-77.539884,51153901409,51153
Amazon Web Services,osm,38.778451,-77.539427,51153901409,51153
Amazon Web Services,osm,38.779342,-77.542896,51153901409,51153
Amazon Web Services,osm,38.743052,-77.533375,51153901409,51153
Amazon Web Services,osm,38.99585,-77.471294,51107611020,51107
Amazon Web Services,osm,38.996604,-77.47326,51107611020,51107
Amazon Web Services,osm,45.846668,-119.607039,41049970102,41049
Amazon Web Services,osm,45.846754,-119.609062,41049970102,41049
Amazon Web Services,osm,45.83655,-119.689874,41049970101,41049
Amazon Web Services,osm,38.744287,-77.533332,51153901409,51153
T5@Colorado Springs,osm,38.78616,-104.788583,08041004501,08041
Amazon Web Services,osm,39.016745,-77.452006,51107611006,51107
Amazon Web Services,osm,39.015885,-77.45314,51107611006,51107
Amazon Web Services,osm,38.979563,-77.417491,51107611702,51107
Aligned DC - PDX-01,osm,45.554059,-122.949251,41067032603,41067
Amazon Web Services,osm,45.901451,-119.320522,41059950900,41059
Amazon Web Services,osm,45.902766,-119.320492,41059950900,41059
Amazon Web Services,osm,45.903854,-119.320477,41059950900,41059
Amazon Web Services,osm,45.9051,-119.320145,41059950900,41059
Amazon Web Services,osm,45.847608,-119.602775,41049970102,41049
Amazon Web Services,osm,45.915723,-119.26997,41059950800,41059
Amazon Web Services,osm,40.101767,-83.199583,39049006240,39049
Amazon Web Services,osm,40.100768,-83.199475,39049006240,39049
Amazon Web Services,osm,40.099786,-83.199264,39049006240,39049
Amazon Web Services,osm,38.979147,-77.419905,51107611702,51107
Amazon Web Services,osm,38.949149,-77.523594,51107611812,51107
Amazon Web Services,osm,45.836192,-119.694055,41049970101,41049
Amazon Web Services,osm,38.904344,-77.452469,51059490104,51059
Amazon Web Services,osm,38.904837,-77.45475,51059490104,51059
Amazon Web Services,osm,38.915903,-77.490551,51107611804,51107
Amazon Web Services,osm,38.914991,-77.490974,51107611804,51107
Amazon Web Services,osm,40.093434,-82.732167,39089755601,39089
Amazon Web Services,osm,40.092168,-82.727548,39089755601,39089
Amazon Web Services,osm,40.092961,-82.726511,39089755601,39089
Amazon Web Services,osm,40.116261,-83.201389,39159050601,39159
Amazon Web Services,osm,40.119031,-83.200244,39159050601,39159
Amazon Web Services,osm,40.049354,-83.175465,39049007961,39049
Amazon Web Services,osm,40.047898,-83.177549,39049007961,39049
Amazon Web Services,osm,45.858747,-119.605083,41049970102,41049
Amazon Web Services,osm,45.860076,-119.605123,41049970102,41049
Amazon Web Services,osm,45.860968,-119.60514,41049970102,41049
Amazon Web Services,osm,45.84147,-119.651786,41049970102,41049
Amazon Web Services,osm,45.920638,-119.23182,41059950800,41059
Amazon Web Services,osm,45.920641,-119.229982,41059950800,41059
Amazon Web Services,osm,45.797775,-119.361968,41059951100,41059
Amazon Web Services,osm,45.799157,-119.366661,41059951100,41059
Amazon Web Services,osm,38.746153,-77.517223,51153901409,51153
Amazon Web Services,osm,38.921305,-77.485801,51107611804,51107
Amazon Web Services,osm,38.995088,-77.471078,51107611020,51107
Amazon Web Services,osm,38.947374,-77.520238,51107611812,51107
Amazon Web Services,osm,38.983585,-77.417515,51107611702,51107
Amazon Web Services,osm,38.802884,-77.622122,51153901507,51153
Amazon Web Services,osm,38.745134,-77.533101,51153901409,51153
Amazon Web Services,osm,38.814593,-77.654319,51153901509,51153
Amazon Web Services,osm,38.816971,-77.652153,51153901509,51153
Amazon Web Services,osm,40.134181,-83.215841,39159050601,39159
Amazon Web Services,osm,45.920594,-119.228788,41059950800,41059
Amazon Web Services,osm,45.920571,-119.227005,41059950800,41059
Amazon Web Services,osm,45.919531,-119.226098,41059950800,41059
Amazon Web Services,osm,45.882512,-119.341642,41059950900,41059
Amazon Web Services,osm,45.862248,-119.605128,41049970102,41049
Amazon Web Services,osm,45.858044,-119.604851,41049970102,41049
Amazon Web Services,osm,45.840685,-119.65131,41049970102,41049
Amazon Web Services,osm,45.81993,-119.632086,41049970101,41049
Amazon Web Services,osm,38.801862,-77.621212,51153901507,51153
Amazon Web Services,osm,38.80125,-77.620476,51153901507,51153
Stream Data Centers,osm,32.983624,-96.654263,48113019042,48113
Equinix Ashburn DC6,osm,39.015197,-77.459534,51107611006,51107
Equinix Ashburn DC4,osm,39.01644,-77.461954,51107611006,51107
Switch Las Vegas 12,osm,36.057992,-115.210328,32003002979,32003
Nautilus Cryptomine,osm,41.082625,-76.151419,42079216100,42079
Amazon Web Services,osm,38.922767,-77.427872,51059482505,51059
Amazon Web Services,osm,38.921124,-77.426543,51059482505,51059
Amazon Web Services,osm,38.922711,-77.426304,51059482505,51059
Iron Mountain AZP-1,osm,33.454726,-111.976218,04013111203,04013
Amazon Web Services,osm,45.879527,-119.341626,41059950900,41059
Amazon Web Services,osm,45.88253,-119.339693,41059950900,41059
Amazon Web Services,osm,40.102426,-82.750141,39089755601,39089
Amazon Web Services,osm,40.101955,-82.751912,39089755601,39089
Amazon Web Services,osm,40.094226,-82.732111,39089755601,39089
Amazon Web Services,osm,40.094397,-82.729279,39089755601,39089
Amazon Web Services,osm,40.095495,-82.732005,39089755601,39089
Amazon Web Services,osm,40.135789,-83.212641,39159050601,39159
Amazon Web Services,osm,40.120064,-83.199319,39159050601,39159
Amazon Web Services,osm,40.119299,-83.203226,39159050601,39159
Amazon Web Services,osm,40.118118,-83.202522,39159050601,39159
Amazon Web Services,osm,40.05018,-83.175516,39049007961,39049
Amazon Web Services,osm,40.051522,-83.175715,39049007961,39049
Amazon Web Services,osm,40.016419,-83.125852,39049007931,39049
Amazon Web Services,osm,40.021013,-83.12602,39049007931,39049
Amazon Web Services,osm,45.851731,-119.619661,41049970102,41049
Amazon Web Services,osm,45.853095,-119.61968,41049970102,41049
Amazon Web Services,osm,45.818711,-119.632008,41049970101,41049
Amazon Web Services,osm,45.818702,-119.636263,41049970101,41049
Amazon Web Services,osm,45.819949,-119.636272,41049970101,41049
Amazon Web Services,osm,45.809634,-119.268611,41059951202,41059
Amazon Web Services,osm,45.808277,-119.268616,41059951202,41059
Amazon Web Services,osm,45.799015,-119.361727,41059951100,41059
Amazon Web Services,osm,45.799683,-119.358424,41059951100,41059
Amazon Web Services,osm,45.797752,-119.358925,41059951100,41059
Switch Las Vegas 14,osm,36.065208,-115.222045,32003002979,32003
Compass Data Center,osm,32.545504,-96.802207,48139060206,48139
Compass Data Center,osm,32.544192,-96.802189,48139060206,48139
Compass Data Center,osm,32.542899,-96.802194,48139060206,48139
Compass Data Center,osm,32.541589,-96.802207,48139060206,48139
Compass Data Center,osm,32.540276,-96.80222,48139060206,48139
Compass Data Center,osm,32.542676,-96.793719,48139060206,48139
Compass Data Center,osm,32.543994,-96.793719,48139060206,48139
Compass Data Center,osm,32.545299,-96.793756,48139060206,48139
Compass Data Center,osm,32.543961,-96.788398,48139060206,48139
Compass Data Center,osm,32.545292,-96.788382,48139060206,48139
Amazon Web Services,osm,38.923119,-77.424977,51059482505,51059
Alinged Data Center,osm,32.549823,-97.074855,48439111314,48439
Edged Chicago ORD01,osm,41.806931,-88.241097,17043846409,17043
Amazon Web Services,osm,45.853876,-119.619726,41049970102,41049
Amazon Web Services,osm,45.855234,-119.619727,41049970102,41049
Amazon Web Services,osm,45.811745,-119.268665,41059951202,41059
Amazon Web Services,osm,45.811229,-119.27825,41059951202,41059
Crane DC - Portland,osm,45.514787,-123.078828,41067032903,41067
Barclays Datacenter,osm,40.643789,-74.285448,34039037300,34039
SDSU Computer Room,osm,32.775025,-117.070888,06073002801,06073
Rack59 Data Center,osm,35.467205,-97.649745,40109106912,40109
Flexential Raleigh,osm,35.850528,-78.829143,37183053609,37183
Secure Data Center,osm,34.093706,-84.250878,13121011652,13121
Edgeconnex Toronto,osm,43.809286,-79.342588,,
Rogers Data Center,osm,43.844291,-79.364859,,
Digital Realty CH1,osm,41.994241,-87.961935,17031770300,17031
Switch Las Vegas 7,osm,36.059919,-115.210197,32003002979,32003
Telehouse Teleport,osm,40.607037,-74.174905,36085029105,36085
Cogent Data Center,osm,33.400219,-112.047879,04013115900,04013
Alpheus DataCenter,osm,30.261053,-97.722122,48453000902,48453
LightEdge Austin I,osm,30.214297,-97.712667,48453002313,48453
Evocative Secaucus,osm,40.787552,-74.06805,34017019900,34017
Kaiser Data Center,osm,38.254065,-122.273092,06055201005,06055
Data Center Lenexa,osm,38.925164,-94.770316,20091980001,20091
Lowe's Data Center,osm,29.472854,-98.689575,48029171912,48029
Google Data Center,osm,33.354139,-111.676427,04013422654,04013
Cloud Storage Corp,osm,38.872132,-99.300187,20051072701,20051
Switch Las Vegas 8,osm,36.057834,-115.214258,32003002979,32003
Switch Las Vegas 9,osm,36.055707,-115.219628,32003002981,32003
Genome Data Center,osm,38.636552,-90.255436,29510119101,29510
365 Bridgewater NJ,osm,40.581484,-74.573887,34035050902,34035
Google Data Center,osm,39.052633,-77.539573,51107611004,51107
Digital Realty CH3,osm,41.994353,-87.964942,17031770300,17031
Digital Realty CH2,osm,41.994533,-87.957751,17031770500,17031
Google Data Center,osm,38.943321,-77.526164,51107611812,51107
Skybox Houston One,osm,29.802893,-95.755339,48201542901,48201
Switch Data Center,osm,33.755025,-84.587269,13097080105,13097
Iron Mountain VA-2,osm,38.777237,-77.545997,51153901409,51153
Iron Mountain VA-1,osm,38.777963,-77.547101,51153901409,51153
Switch Las Vegas 4,osm,36.143646,-115.076779,32003001615,32003
Switch Las Vegas 5,osm,36.142764,-115.076696,32003001615,32003
QTS San Antonio II,osm,29.449157,-98.653126,48029171923,48029
Iron Mountain VA-3,osm,38.775547,-77.54515,51153901409,51153
Iron Mountain VA-4,osm,38.774415,-77.54223,51153901409,51153
Iron Mountain VA-5,osm,38.773028,-77.541185,51153901409,51153
Iron Mountain VA-6,osm,38.768143,-77.538648,51153901409,51153
NTT PH1 Datacenter,osm,33.353666,-111.612411,04013422643,04013
TikTok Data Center,osm,39.044254,-77.537958,51107611028,51107
Vantage Building 1,osm,40.102498,-82.746952,39089755601,39089
Vantage Building 2,osm,40.10053,-82.747119,39089755601,39089
Vantage Building 3,osm,40.098762,-82.747245,39089755601,39089
Google Data Center,osm,35.895147,-81.546278,37027030300,37027
Prime Santa Clara,osm,37.366662,-121.962865,06085505202,06085
Lumen Sunnyvale 1,osm,37.373469,-121.9878,06085508708,06085
QTS Santa Clara 1,osm,37.393986,-121.978321,06085505010,06085
QTS Santa Clara 2,osm,37.392731,-121.978428,06085505010,06085
Lincoln Rackhouse,osm,41.772103,-88.217082,17043846507,17043
Molina Healthcare,osm,34.995452,-106.618033,35001004001,35001
Lumen Santa Clara,osm,37.377033,-121.952059,06085505202,06085
Prime Santa Clara,osm,37.375017,-121.95325,06085505202,06085
The Seattle Times,osm,47.618954,-122.336531,53033007303,53033
Segra Data Center,osm,35.724992,-78.662363,37183053009,37183
Centersquare IAD3,osm,38.980929,-77.444379,51107611020,51107
Yahoo Data Center,osm,47.246761,-119.826616,53025010500,53025
Golds Gym Ashburn,osm,39.015603,-77.483284,51107611019,51107
Apple Data Center,osm,33.347033,-111.604142,04013422647,04013
Adobe Data Center,osm,45.550197,-122.931673,41067032608,41067
Serverfarm - LAX1,osm,33.921742,-118.386459,06037980013,06037
Google - Thornton,osm,39.922465,-104.983425,08001008555,08001
QTS Ashburn-Moran,osm,38.994222,-77.448201,51107611020,51107
CyrusOne Somerset,osm,40.537962,-74.545722,34035053501,34035
Cyxtera Tampa TP1,osm,27.945535,-82.351102,12057013315,12057
GoDaddy - Gilbert,osm,33.361931,-111.83929,04013422307,04013
Allentown-TekPark,osm,40.544255,-75.654369,42077006205,42077
Stream Chicago II,osm,41.999124,-87.957765,17031770500,17031
amnet Data Center,osm,41.091785,-73.516673,09001020900,09001
Digital Crossroad,osm,41.707417,-87.520233,18089020300,18089
PowerHouse CTP-02,osm,37.360586,-77.325687,51041100403,51041
Frontier Science,osm,42.990201,-78.812384,36029009200,36029
TulsaConnect DC3,osm,36.099474,-95.838283,40143009008,40143
H5 DC - Portland,osm,45.53169,-122.683765,41051005001,41051
Equinix Infomart,osm,32.800953,-96.819523,48113010001,48113
EdgeConneX CHI01,osm,42.000775,-87.950769,17031770500,17031
COPT Data Center,osm,38.74731,-77.531826,51153901409,51153
Evoque Allen DA1,osm,33.095083,-96.683788,48085031510,48085
33 Thomas Street,osm,40.716521,-74.005902,36061003300,36061
CoreSpace Dallas,osm,32.817551,-96.873071,48113010003,48113
Lumen Norristown,osm,40.127067,-75.408659,42091206006,42091
CSSNW Bellingham,osm,48.75726,-122.480548,53073000502,53073
EdgeConneX CHI02,osm,42.001495,-87.952562,17031770500,17031
VISA Data Center,osm,39.048766,-77.445397,51107611015,51107
Skybox Chicago I,osm,41.993661,-87.973521,17031770300,17031
Element Critical,osm,30.342803,-97.696174,48453040300,48453
NYSE Data Center,osm,41.078316,-74.152912,34003032103,34003
ADP South Dakota,osm,43.599914,-96.794757,46099010405,46099
CyrusOne Norwalk,osm,41.113092,-73.388649,09001044300,09001
Rice Data Center,osm,29.658145,-95.443312,48201420200,48201
STACK New Albany,osm,40.106301,-82.800762,39049007213,39049
BB&T Data Center,osm,35.839336,-78.328135,37183054304,37183
Stream Chicago I,osm,42.00263,-87.951112,17031770500,17031
Turnkey Internet,osm,42.745445,-73.759201,36001013505,36001
Arcola Tech Park,osm,38.949268,-77.555626,51107611812,51107
QTS Manassas DC5,osm,38.754768,-77.517388,51153901409,51153
QTS Manassas DC1,osm,38.752543,-77.513108,51153901409,51153
Datacenter (386),osm,41.707134,-87.975956,17043845803,17043
Google: Arcola 2,osm,38.941812,-77.527451,51107611812,51107
Meta Data Center,osm,39.322628,-94.598075,29047021900,29047
PowerHouse ABX-1,osm,39.019599,-77.450457,51107611006,51107
QTS Manassas DC2,osm,38.753166,-77.510882,51153901409,51153
MARA Data Center,osm,32.341341,-97.731692,48221160212,48221
CYS41 Datacenter,osm,41.124403,-104.897015,56021001902,56021
CYS42 Datacenter,osm,41.125382,-104.908889,56021001902,56021
QTS Manassas DC1,osm,38.752545,-77.51246,51153901409,51153
Verizon Wireless,osm,36.282175,-86.797137,47037010201,47037
Argo Data Center,osm,33.777264,-100.868901,48125950300,48125
Switch: The Rock,osm,30.488019,-97.672526,48491020709,48491
Morgan Wireless,osm,39.630985,-78.22532,54065970800,54065
Ergonomic Group,osm,41.707078,-72.589864,09003520302,09003
UNM Data Center,osm,35.086739,-106.615348,35001001800,35001
Rad Web Hosting,osm,32.778447,-96.798496,48113003103,48113
Applied Digital,osm,46.974172,-96.87394,38017040800,38017
Hewlett-Packard,osm,34.082058,-84.267292,13121011640,13121
Westin Building,osm,47.614356,-122.338864,53033007202,53033
Cox Data Center,osm,34.036257,-84.319512,13121011421,13121
Level 3 Ashburn,osm,39.022182,-77.457609,51107611006,51107
NTT Data Quincy,osm,47.24358,-119.865748,53025010600,53025
KOMO Plaza East,osm,47.619233,-122.348287,53033007203,53033
KOMO Plaza West,osm,47.61896,-122.348526,53033007203,53033
QTS Data Center,osm,32.988913,-97.259274,48439113941,48439
Valero Wiserman,osm,29.474237,-98.680079,48029171912,48029
"Liquid Web, Inc",osm,42.70539,-84.666089,26045020303,26045
Strata Networks,osm,40.456595,-109.529017,49047968401,49047
CyrusOne Quincy,osm,47.243847,-119.869669,53025010600,53025
Oxford Networks,osm,43.895157,-69.923434,23005011100,23005
iGLASS Networks,osm,35.766751,-78.783987,37183053519,37183
PG&E Datacenter,osm,38.246238,-122.067184,06095252402,06095
Aligned Ashburn,osm,39.013608,-77.470556,51107611020,51107
Lumen Cleveland,osm,41.505066,-81.657776,39035108301,39035
Microsoft EAT02,osm,47.416868,-120.207688,53017950300,53017
xAI Macrohardrr,osm,34.993488,-90.03417,28033070421,28033
Microsoft IAD11,osm,38.948258,-77.555911,51107611812,51107
NTT Chicago CH1,osm,41.987962,-88.007222,17043840201,17043
Microsoft EAT03,osm,47.418324,-120.20771,53017950300,53017
Microsoft EAT04,osm,47.419638,-120.213813,53017950300,53017
Dynamics Mining,osm,37.362998,-87.547151,21107970302,21107
Windbreak Cable,osm,41.182601,-104.068498,56021002001,56021
NTT Chicago CH2,osm,41.989015,-88.007213,17043840201,17043
UPS Data Center,osm,34.103384,-84.21497,13117130603,13117
NTT Chicago CH3,osm,41.986941,-88.007985,17043840201,17043
NTT Chicago CH4,osm,41.989101,-88.004758,17043840201,17043
NYGC Chateaugay,osm,44.893006,-74.072881,36033952000,36033
Lumos Networks,osm,37.415688,-79.142706,51680000500,51680
Lumen Albany 4,osm,42.735631,-73.818665,36001013703,36001
CoreSite - LA2,osm,34.058479,-118.235914,06037206020,06037
LightEdge SAN1,osm,32.827894,-117.129927,06073008511,06073
RagingWire CA2,osm,38.6504,-121.491946,06067007019,06067
RagingWire CA1,osm,38.650432,-121.489187,06067007019,06067
H5 Minneapolis,osm,44.972195,-93.147473,27123030202,27123
Serverfarm CH1,osm,41.870944,-87.640141,17031841900,17031
RagingWire CA3,osm,38.644239,-121.498763,06067007019,06067
QTS Sacramento,osm,38.646376,-121.486269,06067007019,06067
IU Data Center,osm,39.174423,-86.500688,18105000802,18105
Digital Realty,osm,38.910116,-77.472592,51059490104,51059
H5 Data Center,osm,47.251587,-119.818805,53025010500,53025
Lumen Austin 3,osm,30.261396,-97.723597,48453000902,48453
Lumen Austin 1,osm,30.1965,-97.712402,48453002448,48453
AWS Building E,osm,39.005052,-77.485612,51107611020,51107
Prime DFW01-01,osm,32.837958,-96.878401,48113010003,48113
Lumen Dallas 6,osm,32.827998,-96.884379,48113010003,48113
H5 Data Center,osm,41.506355,-81.683589,39035107802,39035
CyrusOne Allen,osm,33.138521,-96.659952,48085031418,48085
Microsoft TRP2,osm,29.411987,-98.803995,48029172002,48029
Microsoft TRP1,osm,29.412012,-98.80273,48029172002,48029
Nüday Networks,osm,43.826949,-79.334479,,
Central Office,osm,42.833644,-88.733998,55127000400,55127
JPMorgan Chase,osm,39.989158,-105.020726,08014031403,08014
T5 Data Center,osm,34.075792,-84.264267,13121011652,13121
Amazon AWS PHL,osm,41.083991,-76.143375,42079216100,42079
Prime DFW01-01,osm,32.837814,-96.879846,48113010003,48113
Learning GIS!,osm,40.42179,-86.914155,18157005500,18157
Atlanta ATL13,osm,33.755519,-84.391481,13121011901,13121
505 Marquette,osm,35.088629,-106.652646,35001002100,35001
Colo RIve-Sud,osm,45.522956,-73.520165,,
Fiberhub LAS1,osm,36.065941,-115.139883,32003002847,32003
Alpha Federal,osm,38.353177,-81.696182,54039012800,54039
11:11 Systems,osm,43.598248,-79.750131,,
11:11 Systems,osm,43.603315,-79.735382,,
CyrusOne CIN2,osm,39.102694,-84.5179,39061000700,39061
IO Datacenter,osm,40.520817,-74.347223,34023001805,34023
Amazon IAD-55,osm,38.815021,-77.64868,51153901509,51153
CTI Biopharma,osm,47.617787,-122.356694,53033008004,53033
zColo by Zayo,osm,39.59134,-104.847065,08005006864,08005
CyrusOne PHX1,osm,33.270878,-111.881995,04013812200,04013
TGN Hillsboro,osm,45.546514,-122.893791,41067031617,41067
QES Computers,osm,37.699475,-121.9038,06001450743,06001
Pittock Block,osm,45.521544,-122.680704,41051010601,41051
CyrusOne NVA5,osm,39.024356,-77.4341,51107611018,51107
Amazon IAD-61,osm,38.915805,-77.491987,51107611804,51107
Stream DFW IV,osm,33.000144,-96.661647,48085032016,48085
Goldman Sachs,osm,40.570372,-74.67033,34035050704,34035
Amazon IAD120,osm,38.957917,-77.498058,51107611901,51107
Amazon IAD121,osm,38.956777,-77.497784,51107611901,51107
QTS Ashburn 1,osm,38.999528,-77.450111,51107611020,51107
Amazon IAD144,osm,38.981635,-77.427429,51107611702,51107
CyrusOne NVA8,osm,39.021179,-77.413244,51107611502,51107
Amazon IAD114,osm,39.035494,-77.450699,51107611018,51107
Amazon IAD115,osm,39.036294,-77.449795,51107611018,51107
Amazon IAD150,osm,38.916073,-77.477249,51107611804,51107
Amazon IAD145,osm,38.982552,-77.42463,51107611702,51107
Vital Records,osm,40.528072,-74.682816,34035053707,34035
CyrusOne PHX6,osm,33.26763,-111.882512,04013812200,04013
Amazon IAD118,osm,39.018509,-77.438836,51107611006,51107
Amazon IAD146,osm,38.996721,-77.435597,51107611020,51107
Amazon IAD140,osm,38.981455,-77.41755,51107611702,51107
Amazon IAD141,osm,38.982388,-77.416786,51107611702,51107
Amazon IAD119,osm,39.016931,-77.439389,51107611006,51107
Iron Mountain,osm,47.594616,-117.537148,53063013600,53063
Amazon IAD128,osm,39.01608,-77.438382,51107611006,51107
Amazon IAD125,osm,38.94809,-77.560545,51107611810,51107
Amazon IAD124,osm,38.949895,-77.560452,51107611810,51107
Amazon IAD163,osm,39.032305,-77.429702,51107611501,51107
Omnis Network,osm,33.394436,-111.952517,04013319705,04013
Amazon IAD175,osm,38.979868,-77.425476,51107611702,51107
Amazon IAD147,osm,38.99501,-77.43536,51107611020,51107
CyrusOne PHX7,osm,33.266374,-111.881894,04013812200,04013
CyrusOne PHX4,osm,33.268778,-111.882522,04013812200,04013
CyrusOne PHX5,osm,33.26975,-111.881584,04013812200,04013
CyrusOne NVA7,osm,39.026315,-77.434019,51107611018,51107
Amazon IAD174,osm,39.028914,-77.427478,51107611501,51107
Amazon IAD164,osm,39.030471,-77.428945,51107611501,51107
Amazon IAD152,osm,38.916572,-77.479733,51107611804,51107
Amazon IAD151,osm,38.916147,-77.478696,51107611804,51107
Amazon IAD122,osm,38.955871,-77.497186,51107611901,51107
Amazon IAD102,osm,38.735973,-77.504896,51153901303,51153
Amazon IAD101,osm,38.735438,-77.505701,51153901303,51153
Amazon IAD100,osm,38.734598,-77.506642,51153901303,51153
Amazon IAD601,osm,38.778859,-77.557116,51153901420,51153
Switch Edge 1,osm,36.059134,-115.213688,32003002979,32003
Amazon IAD601,osm,39.01526,-77.437776,51107611006,51107
Aligned IAD02,osm,39.010417,-77.475159,51107611020,51107
Compute North,osm,40.725927,-99.038336,31019969203,31019
Amazon IAD603,osm,38.981544,-77.419361,51107611702,51107
Amazon IAD130,osm,38.760361,-77.519302,51153901409,51153
Amazon IAD131,osm,38.761105,-77.518221,51153901409,51153
Amazon IAD192,osm,38.98956,-77.434802,51107611020,51107
T5 Chicago II,osm,42.023042,-87.975557,17031770400,17031
Amazon IAD103,osm,38.736985,-77.504088,51153901303,51153
CyrusOne PHX8,osm,33.266328,-111.883304,04013812200,04013
CyrusOne PHX3,osm,33.271916,-111.881627,04013812200,04013
CyrusOne PHX4,osm,33.271809,-111.883263,04013812200,04013
Amazon IAD214,osm,38.986532,-77.435177,51107611020,51107
Aligned IAD03,osm,38.988635,-77.440778,51107611020,51107
Involta-Akron,osm,41.057384,-81.521928,39153506800,39153
Databank LGA3,osm,41.039951,-73.989572,36087012800,36087
QTS NAL 2 DC1,osm,40.055736,-82.756501,39089755601,39089
QTS NAL 2 DC2,osm,40.053078,-82.756634,39089755601,39089
CyrusOne CHI3,osm,41.802861,-88.246752,17043846409,17043
CoreSite DC1,osm,38.902888,-77.029149,11001010100,11001
Google Fiber,osm,33.771568,-84.366859,13121001302,13121
Lumen McLean,osm,38.920854,-77.211571,51059471201,51059
TulsaConnect,osm,36.153294,-95.989193,40143002500,40143
TulsaConnect,osm,36.148452,-95.99082,40143002500,40143
CoreSite BO1,osm,42.376706,-71.079758,25017351500,25017
Csquare SFO1,osm,37.371471,-121.969683,06085505202,06085
Amazon IAD11,osm,38.790495,-77.54111,51153901418,51153
Amazon IAD24,osm,38.790346,-77.54001,51153901418,51153
Amazon IAD10,osm,39.021675,-77.432973,51107611018,51107
Amazon IAD32,osm,39.021569,-77.434794,51107611018,51107
Csquare SFO2,osm,37.397572,-121.980963,06085505010,06085
Csquare SFO2,osm,37.398638,-121.981156,06085505010,06085
CoreSite SV3,osm,37.375158,-121.971714,06085505202,06085
CoreSite SV6,osm,37.376302,-121.972084,06085505202,06085
CoreSite SV8,osm,37.377383,-121.97184,06085505202,06085
CoreSite SV5,osm,37.375196,-121.970689,06085505202,06085
CoreSite SV9,osm,37.375555,-121.969605,06085505202,06085
IBM Building,osm,42.649353,-73.752745,36001001100,36001
Cologix TOR4,osm,43.850741,-79.342653,,
Equinix SV15,osm,37.375495,-121.988406,06085508708,06085
Equinix SV16,osm,37.376124,-121.988672,06085508708,06085
Equinix SV17,osm,37.376531,-121.988583,06085508708,06085
CoreSite SV4,osm,37.376261,-121.970685,06085505202,06085
Csquare SFO4,osm,37.375799,-121.955184,06085505202,06085
Equinix DC97,osm,38.961573,-77.377418,51059480902,51059
Lumen McLean,osm,38.920021,-77.211619,51059471201,51059
Amazon IAD-9,osm,38.899724,-77.453444,51059490104,51059
Amazon IAD22,osm,38.897905,-77.455103,51059490104,51059
Amazon IAD-1,osm,38.897864,-77.454082,51059490104,51059
Csquare SFO3,osm,37.372054,-121.986041,06085505202,06085
CoreSite SV2,osm,37.405686,-121.91626,06085505006,06085
Amazon IAD76,osm,38.993794,-77.450509,51107611020,51107
Amazon IAD12,osm,38.988724,-77.447671,51107611020,51107
Equinix DC13,osm,39.012562,-77.475405,51107611020,51107
Vantage WA11,osm,47.250165,-119.81449,53025010500,53025
One Wilshire,osm,34.047888,-118.255541,06037207712,06037
Amazon IAD51,osm,38.991412,-77.436511,51107611020,51107
Amazon IAD16,osm,38.990686,-77.44884,51107611020,51107
Amazon IAD15,osm,38.991708,-77.448564,51107611020,51107
Amazon IAD14,osm,38.789885,-77.548229,51153901418,51153
Amazon IAD59,osm,38.792187,-77.548467,51153901418,51153
Amazon IAD52,osm,38.791119,-77.548386,51153901418,51153
Csquare SFO1,osm,37.37045,-121.969825,06085505202,06085
Amazon IAD78,osm,39.026368,-77.44952,51107611018,51107
Amazon IAD79,osm,39.026357,-77.45087,51107611018,51107
Amazon IAD87,osm,38.991808,-77.441172,51107611020,51107
Amazon IAD88,osm,38.990968,-77.441868,51107611020,51107
Amazon IAD73,osm,38.77798,-77.559099,51153901420,51153
Amazon IAD74,osm,38.777437,-77.557891,51153901420,51153
Amazon IAD63,osm,38.916885,-77.493251,51107611804,51107
Amazon IAD62,osm,38.949322,-77.519875,51107611812,51107
Amazon IAD71,osm,39.027906,-77.4575,51107611018,51107
Amazon IAD50,osm,39.029567,-77.459672,51107611018,51107
Amazon IAD60,osm,39.028774,-77.458246,51107611018,51107
Amazon IAD80,osm,39.027109,-77.452829,51107611018,51107
Equinix SV10,osm,37.241229,-121.784754,06085512032,06085
Amazon IAD68,osm,38.948687,-77.520952,51107611812,51107
Amazon IAD81,osm,38.948388,-77.52183,51107611812,51107
Vantage WA12,osm,47.25397,-119.813699,53025010500,53025
Amazon IAD58,osm,38.9863,-77.441885,51107611020,51107
Amazon IAD57,osm,38.986993,-77.442633,51107611020,51107
Amazon IAD64,osm,38.815132,-77.652919,51153901509,51153
Vantage VA11,osm,39.002379,-77.437688,51107611020,51107
Amazon IAD90,osm,38.988603,-77.411652,51107611702,51107
Amazon IAD91,osm,38.987847,-77.411119,51107611702,51107
Amazon IAD92,osm,38.986943,-77.410475,51107611702,51107
Amazon IAD98,osm,39.020225,-77.433886,51107611018,51107
Amazon IAD99,osm,39.019169,-77.43403,51107611018,51107
Amazon IAD65,osm,38.917011,-77.494366,51107611804,51107
Fort Rock DC,osm,44.047407,-121.32855,41017001402,41017
Amazon IAD84,osm,38.816103,-77.652499,51153901509,51153
ForceAmp.com,osm,41.703998,-91.587078,19103000306,19103
Google NBY-1,osm,40.061161,-82.764329,39089755601,39089
CloudHQ MCC1,osm,38.717062,-77.49994,51153901304,51153
Amazon IAD83,osm,38.947949,-77.523099,51107611812,51107
CloudHQ MCC2,osm,38.723192,-77.498971,51153901304,51153
CoreSite SV7,osm,37.376079,-121.973057,06085505202,06085
Amazon IAD86,osm,38.917256,-77.495674,51107611804,51107
Google NBY-2,osm,40.059618,-82.764465,39089755601,39089
Equinix DC14,osm,38.803379,-77.510546,51153901503,51153
Equinix SV11,osm,37.242615,-121.784022,06085512032,06085
CloudHQ MCC3,osm,38.715017,-77.49512,51153901304,51153
Vantage VA13,osm,39.003199,-77.439853,51107611020,51107
Google NBY-3,osm,40.057906,-82.765328,39089755601,39089
Google NBY-4,osm,40.059353,-82.771745,39049007211,39049
T5@Cleveland,osm,41.443057,-81.803445,39035124201,39035
Vantage WA13,osm,47.252481,-119.813639,53025010500,53025
Csquare SFO4,osm,37.375765,-121.95627,06085505202,06085
xAI Colossus,osm,35.05995,-90.156382,47157980300,47157
T5@Cleveland,osm,41.442622,-81.8023,39035124201,39035
CoreSite NY3,osm,40.784904,-74.065357,34017019900,34017
Google NBY-5,osm,40.056511,-82.772007,39049007211,39049
Google NBY-6,osm,40.053959,-82.767595,39049007211,39049
QTS NAL1 DC2,osm,40.063613,-82.758227,39089755601,39089
QTS NAL1 DC1,osm,40.065001,-82.758131,39089755601,39089
Google NBY-7,osm,40.053963,-82.764435,39089755601,39089
Percheron DC,osm,45.711318,-119.826235,41049970101,41049
Percheron DC,osm,45.711934,-119.824764,41049970101,41049
Percheron DC,osm,45.708272,-119.822273,41049970101,41049
Percheron DC,osm,45.709321,-119.821212,41049970101,41049
Equinix TR1,osm,43.644529,-79.384389,,
Rack & Data,osm,43.423052,-80.472772,,
123 Central,osm,35.084449,-106.648985,35001002100,35001
West Monroe,osm,41.880527,-87.635938,17031839100,17031
Equinix VA1,osm,49.260569,-123.01124,,
H5 Secaucus,osm,40.785395,-74.075012,34017019900,34017
Equinix SV1,osm,37.241597,-121.783328,06085512032,06085
Amazon IAD7,osm,38.791199,-77.538266,51153901418,51153
Equinix SV4,osm,37.414511,-122.014556,06085504602,06085
Equinix SV8,osm,37.445895,-122.160786,06085511302,06085
Equinix SV5,osm,37.242072,-121.781785,06085512032,06085
Equinix NY3,osm,40.774903,-74.068969,34017019900,34017
QTS Chicago,osm,41.84219,-87.668943,17031843200,17031
CenturyLink,osm,36.14372,-115.083385,32003001608,32003
Ascent TOR1,osm,43.427496,-80.371994,,
VentureData,osm,43.825229,-111.78207,16065950200,16065
Equinix TR2,osm,43.650928,-79.361767,,
Equinix OT1,osm,45.57467,-75.398413,,
Equinix DC7,osm,38.909139,-77.220557,51059460503,51059
Data Center,osm,45.526684,-122.875505,41067031626,41067
Cisco Allen,osm,33.135962,-96.660992,48085031418,48085
Equinix SV6,osm,37.399626,-122.014558,06085504807,06085
Equinix CU2,osm,38.454844,-77.978132,51047930400,51047
AT&T Center,osm,32.747654,-117.158954,06073000302,06073
CenturyLink,osm,33.765139,-84.383739,13121001802,13121
Thin-nology,osm,30.421141,-97.591603,48453044800,48453
Equinix TR6,osm,43.74384,-79.716656,,
Equinix TR7,osm,43.744941,-79.717826,,
CloudHQ LC1,osm,39.010247,-77.462671,51107611020,51107
CloudHQ LC2,osm,39.011755,-77.462459,51107611020,51107
1623 Farnam,osm,41.257291,-95.937849,31055001800,31055
SimpleHelix,osm,34.745431,-86.691883,01089001403,01089
CenturyLink,osm,44.938075,-123.033722,41047000200,41047
CenturyLink,osm,36.182998,-115.06267,32003000513,32003
QTS Suwanee,osm,34.036155,-84.059347,13135050224,13135
Vantage VA2,osm,38.997953,-77.430255,51107611601,51107
CenturyLink,osm,39.744048,-93.997376,29025950202,29025
CloudHQ LC3,osm,39.011212,-77.460425,51107611020,51107
STACK SVY02,osm,37.361934,-121.953731,06085505202,06085
Oso Grande,osm,35.092501,-106.653671,35001002700,35001
Windstream,osm,36.148501,-95.990514,40143002500,40143
PhoenixNAP,osm,33.416077,-112.009472,04013115200,04013
H5 Phoenix,osm,33.276999,-111.885891,04013811800,04013
XO Fremont,osm,37.475325,-121.922107,06001441503,06001
Liquid Web,osm,42.687953,-84.643042,26045020303,26045
StrongMind,osm,33.342608,-111.840962,04013422304,04013
AWS IAD105,osm,38.7476,-77.51948,51153901409,51153
AWS IAD104,osm,38.74837,-77.5207,51153901409,51153
AWS IAD106,osm,38.746979,-77.518524,51153901409,51153
OptimumHQ,osm,33.380415,-111.752668,04013422514,04013
Netrality,osm,41.872881,-87.63344,17031839000,17031
Dataverge,osm,40.657696,-74.004816,36047001802,36047
TierPoint,osm,36.15859,-95.988629,40143002500,40143
Microsoft,osm,37.362103,-121.946459,06085505202,06085
TierPoint,osm,38.62976,-90.196421,29510125600,29510
TierPoint,osm,47.671915,-117.095932,53063013203,53063
Microsoft,osm,29.47827,-98.690685,48029171912,48029
Microsoft,osm,29.481054,-98.69657,48029171912,48029
Microsoft,osm,47.239478,-119.883009,53025010500,53025
DRT LAX12,osm,33.915659,-118.384619,06037980013,06037
DRT LAX10,osm,34.04733,-118.25751,06037207712,06037
Microsoft,osm,41.540609,-93.824843,19049050812,19049
Microsoft,osm,47.239487,-119.88741,53025010500,53025
Microsoft,osm,47.237662,-119.887531,53025010500,53025
Microsoft,osm,47.237632,-119.883219,53025010500,53025
Microsoft,osm,47.236722,-119.883335,53025010500,53025
Microsoft,osm,47.236737,-119.887432,53025010500,53025
SAP COS02,osm,38.988916,-104.786329,08041007502,08041
TierPoint,osm,35.92451,-86.855687,47187050904,47187
Microsoft,osm,41.516741,-93.702513,19153011028,19153
Microsoft,osm,41.515835,-93.702492,19153011028,19153
Microsoft,osm,41.515818,-93.7063,19153011028,19153
Microsoft,osm,41.516706,-93.706326,19153011028,19153
Microsoft,osm,41.518501,-93.706333,19153011028,19153
Microsoft,osm,41.517611,-93.706324,19153011028,19153
Microsoft,osm,41.517642,-93.702499,19153011028,19153
Microsoft,osm,41.518537,-93.702521,19153011028,19153
Microsoft,osm,41.497856,-93.787059,19181020300,19181
Microsoft,osm,41.498901,-93.78707,19181020300,19181
Microsoft,osm,41.54065,-93.827877,19049050812,19049
Microsoft,osm,39.074787,-77.564129,51107610604,51107
Microsoft,osm,39.075508,-77.563035,51107610604,51107
Microsoft,osm,29.415797,-98.803316,48029172002,48029
Microsoft,osm,29.415796,-98.804515,48029172002,48029
Microsoft,osm,41.49683,-93.786996,19181020300,19181
Microsoft,osm,41.539814,-93.826314,19049050812,19049
Microsoft,osm,41.53967,-93.828665,19049050812,19049
Microsoft,osm,41.53499,-93.863444,19049050812,19049
Microsoft,osm,33.446303,-112.373887,04013061300,04013
Microsoft,osm,41.495806,-93.787055,19181020300,19181
Microsoft,osm,41.49475,-93.78702,19181020300,19181
Microsoft,osm,41.533916,-93.863439,19049050812,19049
Microsoft,osm,41.532837,-93.863462,19049050812,19049
Microsoft,osm,41.531814,-93.863443,19049050812,19049
Emailage,osm,33.302965,-111.840539,04013523102,04013
501 West,osm,40.315558,-74.668851,34021004314,34021
RIC1 DC1,osm,37.489234,-77.247476,51087201404,51087
RIC1 DC2,osm,37.488616,-77.24621,51087201404,51087
RIC1 DC3,osm,37.487858,-77.244826,51087201404,51087
OpenColo,osm,37.378829,-121.955926,06085505202,06085
Old Main,osm,44.668107,-74.980582,36089490800,36089
Switch12,osm,36.061739,-115.213292,32003002979,32003
Colovore,osm,37.376723,-121.953144,06085505202,06085
Fidelity,osm,41.165524,-96.083367,31153010623,31153
Centeris,osm,47.15907,-122.279564,53053071207,53053
EdgeCore,osm,33.344149,-111.619588,04013422647,04013
Novartis,osm,32.651201,-97.319673,48439106002,48439
DataBank,osm,45.143693,-93.387119,27053026812,27053
RIC2 DC1,osm,37.488174,-77.240062,51087201404,51087
RIC2 DC2,osm,37.487092,-77.240983,51087201404,51087
RIC2 DC3,osm,37.486066,-77.241891,51087201404,51087
RIC2 DC5,osm,37.484848,-77.242984,51087201404,51087
RIC2 DC6,osm,37.483901,-77.243764,51087201404,51087
RIC3 DC1,osm,37.480504,-77.251622,51087201404,51087
RIC3 DC2,osm,37.479727,-77.25221,51087201404,51087
RIC3 DC3,osm,37.47851,-77.252996,51087201404,51087
RIC3 DC5,osm,37.477015,-77.249693,51087201404,51087
RIC3 DC4,osm,37.477917,-77.248977,51087201404,51087
VIRTBIZ,osm,32.782546,-96.782815,48113020401,48113
Cologix,osm,45.879305,-72.546429,,
Comarch,osm,33.356679,-111.635236,04013422643,04013
Equinix,osm,39.013792,-77.453798,51107611006,51107
Compass,osm,43.601622,-79.528969,,
AZ Labs,osm,33.30628,-111.671722,04013522802,04013
Optimum,osm,40.546842,-74.492046,34023000702,34023
Equinix,osm,40.54492,-74.495359,34023000702,34023
SV Colo,osm,37.36428,-121.958788,06085505202,06085
Verizon,osm,36.144733,-115.077928,32003001610,32003
Verizon,osm,41.338343,-96.027802,31055007320,31055
Verizon,osm,41.338444,-96.028618,31055007320,31055
Equinix,osm,33.850752,-118.304081,06037292001,06037
Verizon,osm,39.589248,-104.877933,08005006815,08005
Comcast,osm,42.213902,-83.198214,26163581600,26163
Actapio,osm,47.407508,-120.214011,53017950300,53017
DLI ONE,osm,32.498205,-84.883624,13215010605,13215
Cologix,osm,45.480786,-73.769792,,
Verizon,osm,40.878246,-78.728788,42033331500,42033
Verizon,osm,40.544255,-74.496521,34023000702,34023
Aureon,osm,41.587993,-93.631014,19153005101,19153
Oracle,osm,45.543915,-122.896479,41067031617,41067
Carfax,osm,38.923517,-92.288606,29019001004,29019
Google,osm,41.221956,-95.864285,19155031300,19155
Google,osm,33.064272,-80.041453,45015020707,45015
Rogers,osm,43.826884,-79.343188,,
Google,osm,38.943205,-77.52433,51107611812,51107
PHX-10,osm,33.407946,-112.36483,04013061058,04013
Google,osm,36.056271,-115.008575,32003005112,32003
Google,osm,36.058816,-115.008802,32003005112,32003
Google,osm,34.913667,-85.747422,01071950200,01071
Google,osm,34.913641,-85.745924,01071950200,01071
Google,osm,32.442139,-97.062465,48139060802,48139
Google,osm,32.443564,-97.06331,48139060802,48139
Google,osm,36.62459,-87.261292,47125102010,47125
Google,osm,41.134992,-96.146711,31153010629,31153
E-Foam,osm,28.577942,-81.564549,12095017401,12095
Amazon,osm,37.389929,-121.965991,06085505010,06085
Google,osm,33.062184,-80.039651,45015020707,45015
Google,osm,33.062098,-80.041128,45015020707,45015
Google,osm,33.064311,-80.03845,45015020707,45015
Google,osm,33.066356,-80.038524,45015020707,45015
Google,osm,33.064165,-80.043604,45015020707,45015
Google,osm,33.062039,-80.044983,45015020707,45015
Google,osm,33.064442,-80.046058,45015020707,45015
Google,osm,41.177346,-95.804857,19155031900,19155
Google,osm,41.177239,-95.806318,19155031900,19155
Google,osm,41.177483,-95.803186,19155031900,19155
Google,osm,41.177489,-95.800922,19155031900,19155
Google,osm,41.175523,-95.806778,19155031900,19155
Google,osm,41.175525,-95.805639,19155031900,19155
Google,osm,41.175526,-95.804509,19155031900,19155
Google,osm,41.175528,-95.803375,19155031900,19155
Google,osm,41.175531,-95.802239,19155031900,19155
Google,osm,41.17553,-95.801106,19155031900,19155
Google,osm,41.175537,-95.799964,19155031900,19155
Google,osm,41.17264,-95.80403,19155031900,19155
Google,osm,41.172646,-95.802528,19155031900,19155
Google,osm,41.172556,-95.801127,19155031900,19155
PHX-11,osm,33.409031,-112.364827,04013061058,04013
Google,osm,36.624839,-87.26351,47125102010,47125
QScale,osm,46.676157,-71.325063,,
Google,osm,41.134919,-96.144082,31153010629,31153
Google,osm,41.134393,-96.155904,31153010629,31153
Google,osm,39.852077,-82.994836,39049009590,39049
Google,osm,38.776145,-77.582514,51153901421,51153
Google,osm,39.724042,-82.691112,39045032501,39045
Google,osm,38.774437,-77.585618,51153901421,51153
Google,osm,41.173626,-95.792188,19155031900,19155
Google,osm,41.173628,-95.788661,19155031900,19155
Google,osm,41.137908,-96.151432,31153010629,31153
Amazon,osm,29.450677,-98.638704,48029171926,48029
Google,osm,41.339139,-96.084657,31055007317,31055
Google,osm,41.341935,-96.087701,31055007317,31055
Google,osm,41.345193,-96.093519,31055007317,31055
Google,osm,32.539004,-96.793207,48139060206,48139
Google,osm,32.440104,-97.06092,48139060802,48139
Google,osm,38.779305,-77.586335,51153901421,51153
Google,osm,39.724114,-82.687551,39045032501,39045
Telus,osm,43.705005,-79.360532,,
Lumen,osm,33.494309,-112.070792,04013110502,04013
Lumen,osm,37.377585,-121.950682,06085505202,06085
AiNET,osm,39.05284,-76.925925,24033807408,24033
Apple,osm,44.289415,-120.875077,41013950301,41013
Lumen,osm,47.654226,-117.420001,53063003500,53063
Apple,osm,44.288936,-120.870177,41013950301,41013
Telus,osm,49.143207,-102.994495,,
Apple,osm,44.287277,-120.870216,41013950301,41013
Lumen,osm,37.062799,-113.544748,49053271703,49053
SEGRA,osm,35.180051,-80.92636,37119003805,37119
SPC3A,osm,36.624311,-87.259022,47125102010,47125
EAT14,osm,47.359497,-120.160091,53007961200,53007
EAT13,osm,47.358426,-120.159976,53007961200,53007
EAT12,osm,47.357433,-120.159546,53007961200,53007
Yahoo,osm,41.180499,-96.084906,31153010629,31153
Apple,osm,44.285756,-120.869922,41013950301,41013
Apple,osm,41.616852,-93.924397,19049050902,19049
SPC4A,osm,36.624063,-87.256912,47125102010,47125
e360,osm,37.971081,-122.043738,06013328000,06013
VAN4,osm,49.28355,-123.108711,,
VAN2,osm,49.286962,-123.119472,,
VAN1,osm,49.284456,-123.111783,,
VA 4,osm,38.778061,-77.594905,51153901421,51153
IAD1,osm,38.948812,-77.329414,51059481900,51059
VAN3,osm,49.259432,-123.029667,,
eBay,osm,40.563602,-112.047805,49035115211,49035
VISA,osm,42.216776,-87.95293,17097864513,17097
Meta,osm,44.295942,-120.887274,41013950200,41013
Meta,osm,44.294973,-120.883973,41013950200,41013
Meta,osm,35.31426,-81.822055,37161961104,37161
Meta,osm,35.317385,-81.826248,37161961104,37161
AT&T,osm,34.579978,-118.114007,06037910501,06037
Meta,osm,34.830242,-106.783812,35061980300,35061
Meta,osm,44.293687,-120.881598,41013950200,41013
Meta,osm,34.830279,-106.780128,35061980300,35061
Meta,osm,44.29909,-120.879444,41013950200,41013
Meta,osm,44.301258,-120.889891,41013950200,41013
Meta,osm,34.83028,-106.776461,35061980300,35061
Meta,osm,35.316612,-81.825176,37161961104,37161
Ebay,osm,40.564113,-112.050635,49035115211,49035
Meta,osm,35.315669,-81.822109,37161961104,37161
Meta,osm,44.301672,-120.894587,41013950200,41013
Meta,osm,44.299218,-120.894582,41013950200,41013
Meta,osm,34.82588,-106.778893,35061980300,35061
Meta,osm,41.675784,-93.509831,19153010601,19153
Meta,osm,41.675801,-93.506037,19153010601,19153
GVTC,osm,29.686403,-98.462648,48029191814,48029
Meta,osm,34.825863,-106.782473,35061980300,35061
Meta,osm,40.061493,-82.740552,39089755601,39089
Meta,osm,40.06523,-82.741168,39089755601,39089
VA3,osm,38.948494,-77.327307,51059481900,51059
CGI,osm,43.601323,-79.74629,,
AWS,osm,38.981446,-77.426036,51107611702,51107
QTS,osm,33.460881,-111.997156,04013113601,04013
QTS,osm,39.734062,-104.707937,08005007110,08005
QTS,osm,33.46468,-111.99756,04013113601,04013
PTC,osm,44.775224,-122.615931,41043030202,41043
QTS,osm,33.448403,-84.522489,13113140204,13113
QTS,osm,33.450885,-84.523625,13113140204,13113
DC6,osm,37.485289,-77.250182,51087201404,51087
DC5,osm,37.484779,-77.249109,51087201404,51087
DC4,osm,37.483918,-77.247815,51087201404,51087
MDC,osm,31.750007,-106.309926,48141004309,48141
HPC,osm,35.049945,-106.542801,35001980000,35001
IT,osm,33.91029,-117.503021,06065040902,06065
,osm,49.274393,-122.912312,,
,osm,49.264798,-123.103763,,
,osm,39.101182,-94.578821,29095015702,29095
,osm,37.779653,-122.394001,06075018000,06075
,osm,41.807282,-83.627629,26115833100,26115
,osm,49.284509,-123.111689,,
,osm,49.287624,-123.115111,,
,osm,39.294048,-84.412113,39061023001,39061
,osm,37.373308,-121.972778,06085505202,06085
,osm,44.991442,-93.28034,27053126202,27053
,osm,42.326288,-83.076977,26163521100,26163
,osm,43.14362,-70.952447,33017080203,33017
,osm,43.076129,-70.80804,33015107400,33015
,osm,39.094468,-94.579442,29095015800,29095
,osm,39.377778,-77.411545,24021751003,24021
,osm,41.221486,-95.863822,19155031300,19155
,osm,39.290638,-94.675916,29165030201,29165
,osm,39.295555,-94.673486,29165030201,29165
,osm,39.302406,-94.684792,29165030201,29165
,osm,37.37979,-121.949903,06085505007,06085
,osm,42.685708,-71.208602,25009254402,25009
,osm,47.693324,-122.317317,53033002000,53033
,osm,45.528623,-73.610646,,
,osm,33.096018,-96.681542,48085031510,48085
,osm,38.909237,-77.472266,51059490104,51059
,osm,38.984866,-77.42567,51107611702,51107
,osm,47.24621,-119.813226,53025010500,53025
,osm,47.247651,-119.813186,53025010500,53025
,osm,47.246168,-119.815756,53025010500,53025
,osm,47.246736,-119.828866,53025010500,53025
,osm,39.290135,-94.685064,29165980000,29165
,osm,39.590131,-104.846963,08005006864,08005
,osm,47.238819,-119.859359,53025010600,53025
,osm,47.238262,-119.859366,53025010600,53025
,osm,41.90534,-88.219506,17043841312,17043
,osm,40.55284,-74.456687,34023000603,34023
,osm,39.717197,-85.941411,18059410802,18059
,osm,41.432198,-82.718957,39043041600,39043
,osm,47.237669,-119.864626,53025010600,53025
,osm,41.126294,-104.901853,56021001902,56021
,osm,33.917728,-118.386223,06037980013,06037
,osm,37.494395,-77.237487,51087201404,51087
,osm,25.797545,-80.230034,12086002402,12086
,osm,43.604881,-79.740135,,
,osm,43.067297,-89.436704,55025000800,55025
,osm,37.333633,-121.887964,06085500901,06085
,osm,38.986515,-77.442256,51107611020,51107
,osm,37.403964,-121.889231,06085504323,06085
,osm,37.371779,-121.972505,06085505202,06085
,osm,40.537526,-74.555524,34035053501,34035
,osm,34.199869,-118.343789,06037310501,06037
,osm,39.56711,-119.548534,32031003501,32031
,osm,38.802671,-104.521981,08041004603,08041
,osm,33.009314,-96.676562,48085031901,48085
,osm,30.0187,-95.863747,48201543100,48201
,osm,47.238593,-119.864537,53025010600,53025
,osm,29.470328,-98.686191,48029171912,48029
,osm,29.470212,-98.687667,48029171912,48029
,osm,45.497226,-73.563403,,
,osm,36.1405,-86.764136,47037016100,47037
,osm,41.124033,-104.898089,56021001902,56021
,osm,41.124037,-104.899269,56021001902,56021
,osm,41.125284,-104.899271,56021001902,56021
,osm,41.125287,-104.898083,56021001902,56021
,osm,29.995198,-95.563333,48201554201,48201
,osm,29.997335,-95.56404,48201554201,48201
,osm,34.0707,-84.675903,13067030104,13067
,osm,40.115743,-83.002579,39049007048,39049
,osm,32.850483,-97.070297,48439113510,48439
,osm,39.185856,-85.887072,18005010800,18005
,osm,29.821576,-95.5708,48201540200,48201
,osm,33.137823,-96.655941,48085031418,48085
,osm,32.966244,-96.711226,48113019053,48113
,osm,39.83093,-75.195323,34015500204,34015
,osm,41.220402,-96.147641,31055007451,31055
,osm,28.617449,-81.393461,12095015202,12095
,osm,43.833351,-79.320538,,
,osm,40.068418,-82.750313,39089755601,39089
,osm,38.815975,-77.65254,51153901509,51153
,osm,39.000647,-77.439808,51107611020,51107
,osm,35.048347,-106.542155,35001980000,35001
,osm,39.015422,-77.47827,51107611019,51107
,osm,40.584372,-74.243381,34023003500,34023
,osm,30.177708,-95.486593,48339691201,48339
,osm,33.953373,-98.524786,48485013201,48485
,osm,42.968727,-83.779585,26049010912,26049
,osm,40.599363,-74.709675,34035053604,34035
,osm,40.599741,-74.710073,34035053604,34035
,osm,46.332132,-113.292672,30039961702,30039
,osm,44.204435,-88.34493,55015020308,55015
,osm,42.235327,-83.444141,26163587900,26163
,osm,39.567714,-119.542363,32031003501,32031
,osm,39.567501,-119.54321,32031003501,32031
,osm,39.56716,-119.544388,32031003501,32031
,osm,39.566921,-119.545227,32031003501,32031
,osm,39.565758,-119.547974,32031003501,32031
,osm,39.565106,-119.54769,32031003501,32031
,osm,39.559068,-104.833534,08035014014,08035
,osm,45.623691,-73.381301,,
,osm,40.95127,-73.897901,36119000702,36119
,osm,40.065725,-82.749118,39089755601,39089
,osm,47.237097,-119.895155,53025010500,53025
,osm,47.407242,-120.213935,53017950300,53017
,osm,47.392149,-120.217462,53017950300,53017
,osm,47.391794,-120.217877,53017950300,53017
,osm,36.023489,-86.79162,47187050304,47187
,osm,43.074831,-78.944809,36063022714,36063
,osm,32.092706,-110.787424,04019004074,04019
,osm,44.337386,-79.67047,,
,osm,39.050601,-77.540023,51107611004,51107
,osm,38.94063,-94.755233,20091980001,20091
,osm,36.215392,-86.783629,47037012701,47037
,osm,42.326178,-83.069769,26163985300,26163
,osm,36.328074,-83.376704,47057500401,47057
,osm,39.729559,-104.712783,08005007110,08005
,osm,43.044944,-78.749203,36029009009,36029
,osm,42.675665,-87.918406,55101001703,55101
,osm,35.179488,-80.570183,37179020203,37179
,osm,33.1536,-117.238846,06073019905,06073
,osm,40.524278,-74.547881,34035053501,34035
,osm,33.439377,-112.377048,04013061052,04013
,osm,41.558081,-93.527656,19153010804,19153
,osm,36.081252,-95.854149,40143009019,40143
,osm,41.478815,-72.801014,09009175800,09009
,osm,40.543332,-74.538374,34035053501,34035
,osm,45.530188,-73.606836,,
,osm,29.419002,-98.787481,48029172002,48029
,osm,34.060998,-84.274027,13121011618,13121
,osm,38.926806,-94.768373,20091980001,20091
,osm,28.294069,-81.834865,12105012306,12105
,osm,31.972675,-110.304752,04003000301,04003
,osm,33.493351,-112.07055,04013110502,04013
,osm,33.601386,-83.705426,13217100202,13217
,osm,38.745991,-77.537549,51153901409,51153
,osm,33.061987,-80.038293,45015020707,45015
,osm,33.600074,-83.696847,13217100202,13217
,osm,33.598072,-83.695021,13217100202,13217
,osm,37.361154,-121.94234,06085505202,06085
,osm,37.356296,-77.333657,51041100403,51041
,osm,26.077867,-98.362012,,
,osm,41.052332,-73.971774,36087013001,36087
,osm,43.082179,-79.030778,36063021700,36063
,osm,39.514068,-119.475515,32029970200,32029
,osm,39.513871,-119.484853,32029970200,32029
,osm,39.069649,-77.560771,51107610604,51107
,osm,39.069656,-77.559433,51107610604,51107
,osm,38.81056,-89.948703,17119403002,17119
,osm,39.133687,-76.851434,24027606907,24027
,osm,44.877165,-91.919999,55033970802,55033
,osm,32.894761,-96.981938,48113014159,48113
,osm,41.125403,-104.907552,56021001902,56021
,osm,41.126438,-104.899516,56021001902,56021
,osm,41.125411,-104.901978,56021001902,56021
,osm,41.122266,-104.908142,56021001902,56021
,osm,41.122246,-104.909517,56021001902,56021
,osm,39.017043,-77.473338,51107611019,51107
,osm,39.017926,-77.459516,51107611006,51107
,osm,47.244813,-119.818095,53025010500,53025
,osm,47.24429,-119.814806,53025010500,53025
,osm,39.569711,-119.537859,32031003501,32031
,osm,39.570053,-119.537092,32031003501,32031
,osm,39.570592,-119.536034,32031003501,32031
,osm,39.570986,-119.535317,32031003501,32031
,osm,43.638333,-89.721403,55021970300,55021
,osm,42.023143,-87.972186,17031770400,17031
,osm,45.62299,-73.38246,,
,osm,32.309666,-106.729193,35013001203,35013
,osm,40.117391,-83.202074,39159050601,39159
,osm,40.048138,-83.175294,39049007961,39049
,osm,40.060376,-82.750995,39089755601,39089
,osm,36.064021,-115.221109,32003002979,32003
,osm,38.740385,-77.503977,51683910402,51683
,osm,38.758931,-77.516694,51153901409,51153
,osm,38.948035,-77.558984,51107611810,51107
,osm,29.580152,-98.541304,48029191405,48029
,osm,41.888546,-88.721834,17037001500,17037
,osm,41.889299,-88.73103,17037001500,17037
,osm,41.890305,-88.726628,17037001500,17037
,osm,37.370643,-121.974482,06085505202,06085
,osm,42.02308,-87.961463,17031770400,17031
,osm,40.224534,-83.045792,39041012100,39041
,osm,39.51152,-119.483306,32029970200,32029
,osm,39.066015,-77.558569,51107610604,51107
,osm,41.342966,-96.090207,31055007317,31055
,osm,29.418466,-98.788796,48029172002,48029
,osm,39.000448,-77.460796,51107611020,51107
,osm,38.999132,-77.460787,51107611020,51107
,osm,39.001826,-77.452703,51107611020,51107
,osm,41.515864,-93.720312,19153011028,19153
,osm,41.516864,-93.719767,19153011028,19153
,osm,33.353215,-111.678033,04013422654,04013
,osm,40.059238,-82.762677,39089755601,39089
,osm,38.737208,-77.82628,51061930306,51061
,osm,38.738214,-77.825868,51061930306,51061
,osm,39.002367,-77.471984,51107611020,51107
,osm,35.568135,-95.512417,40101001100,40101
,osm,38.9392,-94.860185,20091052804,20091
,osm,40.052673,-83.127424,39049007964,39049
,osm,44.189237,-105.61048,56005000101,56005
,osm,41.795377,-88.246965,17043846409,17043
,osm,38.936464,-77.42468,51059482505,51059
,osm,29.44968,-98.714404,48029172009,48029
,osm,29.450931,-98.713908,48029172009,48029
,osm,29.45223,-98.714064,48029172009,48029
,osm,39.322631,-94.594795,29047021900,29047
,osm,39.055977,-77.547334,51107611004,51107
,osm,39.057797,-77.546734,51107611004,51107
,osm,39.082189,-77.565121,51107610604,51107
,osm,40.020774,-83.124181,39049007931,39049
,osm,40.021203,-83.123188,39049007931,39049
,osm,44.734759,-93.06186,27037061003,27037
,osm,44.734535,-93.064891,27037061003,27037
,osm,41.514853,-93.720886,19153011028,19153
,osm,41.513888,-93.72141,19153011028,19153
,osm,43.463141,-116.268232,16001010501,16001
,osm,43.463336,-116.272095,16001010501,16001
,osm,33.347198,-111.63246,04013422647,04013
,osm,33.346333,-111.628914,04013422647,04013
,osm,33.347189,-111.625792,04013422647,04013
,osm,39.055263,-77.544785,51107611004,51107
,osm,39.054097,-77.545995,51107611004,51107
,osm,39.051037,-77.534801,51107611004,51107
,osm,40.115825,-83.001488,39049007048,39049
,osm,47.240171,-119.863265,53025010600,53025
,osm,40.265862,-112.019433,49049010115,49049
,osm,40.269859,-112.019456,49049010115,49049
,osm,33.140647,-96.659526,48085031418,48085
,osm,39.509868,-119.483041,32029970200,32029
,osm,39.508083,-119.483237,32029970200,32029
,osm,37.278406,-98.588462,20007968100,20007
,osm,31.057523,-97.298298,48027020800,48027
,osm,29.47022,-98.698835,48029171918,48029
